CompanyId,Industry,PeriodIndex,Revenue,COGS,GrossProfit,NetProfit,Purchases,Cash_Begin,Cash_End,Inventory_Begin,Inventory_End,AccountsReceivable,OtherAssets,TotalAssets,TotalLiabilities,TotalEquity,InventoryNetInflow,InventoryToAssetsBp,ReceivableToRevenueBp
CONS001,consulting,1,44263,22202,22061,7969,22207,10333,10185,470,475,13561,19496,43717,16037,27680,5,109,3064
CONS001,consulting,2,45907,23437,22470,11197,23485,10185,10561,475,523,13710,20547,45341,16632,28709,48,115,2986
CONS001,consulting,3,47955,24385,23570,11396,24440,10561,6600,523,578,15117,25069,47364,17374,29990,55,122,3152
CONS001,consulting,4,49750,25545,24205,11459,25502,6600,14585,578,535,15474,18543,49137,18025,31112,-43,109,3110
CONS001,consulting,5,51118,25980,25138,7264,26021,14585,10104,535,576,15395,24413,50488,18520,31968,41,114,3012
CONS001,consulting,6,52016,26187,25829,11883,26194,10104,8398,576,583,16335,26059,51375,18846,32529,7,113,3140
CONS001,consulting,7,53880,27010,26870,12219,27027,8398,6964,583,600,16333,29319,53216,19521,33695,17,113,3031
CONS001,consulting,8,55038,28292,26746,12345,28339,6964,14067,600,647,17099,22546,54359,19940,34419,47,119,3107
CONS002,consulting,1,13956,7708,6248,2610,7731,2101,2241,195,218,2700,11830,16989,8632,8357,23,128,1935
CONS002,consulting,2,14248,7951,6297,1684,7962,2241,3388,218,229,2665,11063,17345,8813,8532,11,132,1870
CONS002,consulting,3,14480,8022,6458,2902,8017,3388,3952,229,224,2868,10583,17627,8956,8671,-5,127,1981
CONS002,consulting,4,14977,8416,6561,3062,8408,3952,4403,224,216,2758,10855,18232,9264,8968,-8,118,1841
CONS002,consulting,5,15263,8495,6768,2598,8503,4403,4060,216,224,2996,11301,18581,9441,9140,8,121,1963
CONS002,consulting,6,15499,8594,6905,1971,8604,4060,6921,224,234,2854,8859,18868,9587,9281,10,124,1841
CONS002,consulting,7,16083,8900,7183,3474,8906,6921,5875,234,240,3245,10219,19579,9948,9631,6,123,2018
CONS002,consulting,8,16606,9303,7303,2824,9305,5875,3507,240,242,3328,13138,20215,10271,9944,2,120,2004
CONS003,consulting,1,52544,30424,22120,6090,30498,8392,8845,772,846,10576,45592,65859,28882,36977,74,128,2013
CONS003,consulting,2,53634,31469,22165,6676,31435,8845,23807,846,812,10729,31877,67225,29482,37743,-34,121,2000
CONS003,consulting,3,55119,32162,22957,12341,32238,23807,17032,812,888,10403,40764,69087,30298,38789,76,129,1887
CONS003,consulting,4,57320,33688,23632,12557,33712,17032,19155,888,912,11355,40423,71845,31508,40337,24,127,1981
CONS003,consulting,5,59320,34689,24631,9401,34702,19155,9646,912,925,11787,51994,74352,32607,41745,13,124,1987
CONS003,consulting,6,62048,35660,26388,7457,35679,9646,22668,925,944,12370,41789,77771,34107,43664,19,121,1994
CONS003,consulting,7,63962,37002,26960,7611,37106,22668,28078,944,1048,13026,38018,80170,35159,45011,104,131,2037
CONS003,consulting,8,65223,38380,26843,13393,38378,28078,26665,1048,1046,12764,41276,81751,35852,45899,-2,128,1957
CONS004,consulting,1,34783,20402,14381,7442,20424,12080,11743,563,585,7875,16402,36605,13833,22772,22,160,2264
CONS004,consulting,2,35433,20629,14804,5360,20660,11743,5152,585,616,7787,23734,37289,14092,23197,31,165,2198
CONS004,consulting,3,36605,21343,15262,4378,21373,5152,12036,616,646,7737,18104,38523,14558,23965,30,168,2114
CONS004,consulting,4,37263,21776,15487,4784,21767,12036,7349,646,637,8348,22881,39215,14820,24395,-9,162,2240
CONS004,consulting,5,38526,22026,16500,4194,22041,7349,6966,637,652,8068,24858,40544,15322,25222,15,161,2094
CONS004,consulting,6,39204,22598,16606,7610,22584,6966,10420,652,638,8494,21706,41258,15592,25666,-14,155,2167
CONS004,consulting,7,39617,22756,16861,4878,22803,10420,6033,638,685,8768,26206,41692,15756,25936,47,164,2213
CONS004,consulting,8,41021,23829,17192,7717,23824,6033,14680,685,680,8874,18936,43170,16314,26856,-5,158,2163
CONS005,consulting,1,36870,21586,15284,8099,21608,10858,10783,713,735,6485,26373,44376,27085,17291,22,166,1759
CONS005,consulting,2,36788,21720,15068,4819,21709,10783,11421,735,724,6619,25514,44278,27025,17253,-11,164,1799
CONS005,consulting,3,37336,21591,15745,5704,21585,11421,10496,724,718,6430,27293,44937,27427,17510,-6,160,1722
CONS005,consulting,4,38345,22174,16171,5191,22183,10496,14559,718,727,6478,24388,46152,28169,17983,9,158,1689
CONS005,consulting,5,39912,23567,16345,4803,23567,14559,16012,727,727,7019,24280,48038,29320,18718,0,151,1759
CONS005,consulting,6,41067,24224,16843,5649,24312,16012,8185,727,815,6870,33558,49428,30168,19260,88,165,1673
CONS005,consulting,7,41641,24644,16997,4521,24586,8185,13875,815,757,6974,28513,50119,30590,19529,-58,151,1675
CONS005,consulting,8,42791,25070,17721,9082,25113,13875,17533,757,800,7449,25721,51503,31435,20068,43,155,1741
CONS006,consulting,1,20968,13106,7862,3931,13138,7545,8674,195,227,4192,11618,24711,12935,11776,32,92,1999
CONS006,consulting,2,21545,13285,8260,3997,13309,8674,7037,227,251,4609,13494,25391,13291,12100,24,99,2139
CONS006,consulting,3,22400,14087,8313,4217,14079,7037,6208,251,243,4663,15284,26398,13818,12580,-8,92,2082
CONS006,consulting,4,23099,14340,8759,3445,14335,6208,6147,243,238,4635,16202,27222,14249,12973,-5,87,2007
CONS006,consulting,5,23561,14729,8832,3213,14739,6147,8075,238,248,4817,14626,27766,14534,13232,10,89,2044
CONS006,consulting,6,23936,14741,9195,3205,14769,8075,7134,248,276,4967,15831,28208,14765,13443,28,98,2075
CONS006,consulting,7,24785,15382,9403,4136,15387,7134,5618,276,281,5169,18141,29209,15289,13920,5,96,2086
CONS006,consulting,8,25843,16224,9619,2786,16231,5618,8227,281,288,5559,16382,30456,15942,14514,7,95,2151
CONS007,consulting,1,56669,34754,21915,11698,34846,12900,14844,733,825,10734,30547,56950,21158,35792,92,145,1894
CONS007,consulting,2,59246,36735,22511,8775,36752,14844,14646,825,842,10959,33093,59540,22120,37420,17,141,1850
CONS007,consulting,3,62199,37941,24258,12841,37975,14646,9313,842,876,11539,40780,62508,23223,39285,34,140,1855
CONS007,consulting,4,63853,39677,24176,11660,39718,9313,18144,876,917,11614,33495,64170,23840,40330,41,143,1819
CONS007,consulting,5,65213,39676,25537,9174,39706,18144,12930,917,947,11669,39991,65537,24348,41189,30,144,1789
CONS007,consulting,6,65936,40908,25028,9135,40937,12930,19651,947,976,12019,33617,66263,24618,41645,29,147,1823
CONS007,consulting,7,67305,40908,26397,9580,40911,19651,24233,976,979,12324,30103,67639,25129,42510,3,145,1831
CONS007,consulting,8,69538,42249,27289,12038,42208,24233,10392,979,938,13249,45304,69883,25962,43921,-41,134,1905
CONS008,consulting,1,31625,16976,14649,7096,17048,15775,15378,469,541,5703,18863,40485,22562,17923,72,134,1803
CONS008,consulting,2,32253,17110,15143,6810,17108,15378,12036,541,539,5868,22846,41289,23010,18279,-2,131,1819
CONS008,consulting,3,32496,17207,15289,4478,17206,12036,13652,539,538,5420,21990,41600,23184,18416,-1,129,1668
CONS008,consulting,4,32640,17277,15363,3866,17321,13652,5940,538,582,5310,29952,41784,23286,18498,44,139,1627
CONS008,consulting,5,33258,17662,15596,4167,17644,5940,14074,582,564,5952,21986,42576,23728,18848,-18,132,1790
CONS008,consulting,6,34603,18392,16211,4248,18448,14074,7893,564,620,6185,29599,44297,24687,19610,56,140,1787
CONS008,consulting,7,35339,18935,16404,8290,18951,7893,7555,620,636,6169,30880,45240,25212,20028,16,141,1746
CONS008,consulting,8,36546,19764,16782,9130,19751,7555,13246,636,623,6438,26478,46785,26073,20712,-13,133,1762
CONS009,consulting,1,53976,33808,20168,9786,33858,15888,18074,870,920,9497,38106,66597,39394,27203,50,138,1759
CONS009,consulting,2,55764,34822,20942,9314,34808,18074,24987,920,906,10081,32829,68803,40699,28104,-14,132,1808
CONS009,consulting,3,56758,35255,21503,6145,35252,24987,11247,906,903,10004,47876,70030,41424,28606,-3,129,1763
CONS009,consulting,4,57543,35930,21613,9518,35945,11247,16352,903,918,10300,43428,70998,41997,29001,15,129,1790
CONS009,consulting,5,58500,36609,21891,5710,36643,16352,16834,918,952,10127,44266,72179,42696,29483,34,132,1731
CONS009,consulting,6,59726,37369,22357,10298,37387,16834,21381,952,970,10637,40704,73692,43591,30101,18,132,1781
CONS009,consulting,7,61557,38425,23132,8777,38481,21381,21614,970,1026,10942,42369,75951,44927,31024,56,135,1778
CONS009,consulting,8,63086,39181,23905,12582,39200,21614,19617,1026,1045,11640,45535,77837,46042,31795,19,134,1845
CONS010,consulting,1,51544,27900,23644,8281,28003,11507,11524,724,827,11130,35674,59155,35940,23215,103,140,2159
CONS010,consulting,2,51296,27778,23518,6963,27850,11524,15456,827,899,11170,31345,58870,35767,23103,72,153,2178
CONS010,consulting,3,50982,27985,22997,11076,27989,15456,11160,899,903,11737,34710,58510,35548,22962,4,154,2302
CONS010,consulting,4,51790,28146,23644,5987,28106,11160,10002,903,863,11556,37016,59437,36112,23325,-40,145,2231
CONS010,consulting,5,52956,29239,23717,12967,29237,10002,15171,863,861,12023,32720,60775,36924,23851,-2,142,2270
CONS010,consulting,6,55025,29654,25371,9331,29685,15171,8734,861,892,12066,41458,63150,38367,24783,31,141,2193
CONS010,consulting,7,57537,31520,26017,7916,31595,8734,22285,892,967,12274,30507,66033,40119,25914,75,146,2133
CONS010,consulting,8,58756,32376,26380,11236,32378,22285,15951,967,969,12933,37579,67432,40969,26463,2,144,2201
CONS011,consulting,1,41155,25665,15490,5445,25676,10866,10826,461,472,12584,25902,49784,22519,27265,11,95,3058
CONS011,consulting,2,43358,26729,16629,8399,26800,10826,9736,472,543,13299,28870,52448,23724,28724,71,104,3067
CONS011,consulting,3,45269,27887,17382,9129,27840,9736,13757,543,496,13714,26793,54760,24770,29990,-47,91,3029
CONS011,consulting,4,46426,28743,17683,9341,28764,13757,11926,496,517,13718,29999,56160,25404,30756,21,92,2955
CONS011,consulting,5,47337,29111,18226,8401,29104,11926,14464,517,510,14226,28062,57262,25902,31360,-7,89,3005
CONS011,consulting,6,49375,30347,19028,9914,30414,14464,16052,510,577,15316,27782,59727,27017,32710,67,97,3102
CONS011,consulting,7,52158,31922,20236,9505,31994,16052,13238,577,649,15504,33702,63093,28540,34553,72,103,2973
CONS011,consulting,8,54658,33564,21094,7097,33606,13238,17850,649,691,17199,30378,66118,29908,36210,42,105,3147
CONS012,consulting,1,10129,5171,4958,2420,5191,3430,3395,125,145,1905,7327,12772,6423,6349,20,114,1881
CONS012,consulting,2,10782,5443,5339,1413,5432,3395,2091,145,134,2019,9351,13595,6837,6758,-11,99,1873
CONS012,consulting,3,11404,5777,5627,2655,5802,2091,4673,134,159,2248,7300,14380,7231,7149,25,111,1971
CONS012,consulting,4,11730,6032,5698,1432,6033,4673,3750,159,160,2311,8570,14791,7438,7353,1,108,1970
CONS012,consulting,5,12155,6291,5864,2648,6291,3750,2825,160,160,2403,9939,15327,7708,7619,0,104,1977
CONS012,consulting,6,12737,6527,6210,2652,6547,2825,3636,160,180,2367,9878,16061,8077,7984,20,112,1858
CONS012,consulting,7,13141,6621,6520,2299,6609,3636,5120,180,168,2385,8897,16570,8333,8237,-12,101,1815
CONS012,consulting,8,13710,6883,6827,1987,6893,5120,4686,168,178,2577,9846,17287,8693,8594,10,103,1880
CONS013,consulting,1,28403,13422,14981,3825,13462,9233,10050,450,490,7364,19478,37382,18723,18659,40,131,2593
CONS013,consulting,2,28791,13331,15460,5185,13379,10050,12445,490,538,7660,17249,37892,18979,18913,48,142,2661
CONS013,consulting,3,29067,13754,15313,7238,13769,12445,9809,538,553,7727,20167,38256,19161,19095,15,145,2658
CONS013,consulting,4,29762,14095,15667,4647,14067,9809,12722,553,525,7788,18135,39170,19619,19551,-28,134,2617
CONS013,consulting,5,30288,14217,16071,6131,14261,12722,9105,525,569,8205,21984,39863,19966,19897,44,143,2709
CONS013,consulting,6,31571,14762,16809,8174,14788,9105,6645,569,595,8628,25683,41551,20811,20740,26,143,2733
CONS013,consulting,7,32832,15653,17179,6937,15665,6645,9404,595,607,9007,24193,43211,21643,21568,12,140,2743
CONS013,consulting,8,33403,15467,17936,5808,15439,9404,5909,607,579,8553,28921,43962,22019,21943,-28,132,2561
CONS014,consulting,1,10650,5900,4750,1749,5911,1072,1229,113,124,2301,6939,10593,5639,4954,11,117,2161
CONS014,consulting,2,10955,6191,4764,1667,6199,1229,2335,124,132,2408,6021,10896,5800,5096,8,121,2198
CONS014,consulting,3,11398,6289,5109,1649,6290,2335,2568,132,133,2467,6169,11337,6035,5302,1,117,2164
CONS014,consulting,4,11895,6679,5216,1380,6686,2568,2586,133,140,2719,6386,11831,6298,5533,7,118,2286
CONS014,consulting,5,12450,7007,5443,2861,7008,2586,1466,140,141,2649,8127,12383,6592,5791,1,114,2128
CONS014,consulting,6,12792,7223,5569,1796,7229,1466,3121,141,147,2845,6610,12723,6773,5950,6,116,2224
CONS014,consulting,7,13203,7283,5920,2580,7285,3121,1985,147,149,2998,8000,13132,6991,6141,2,113,2271
CONS014,consulting,8,13760,7589,6171,2384,7601,1985,3437,149,161,3143,6945,13686,7286,6400,12,118,2284
CONS015,consulting,1,24557,11636,12921,3346,11668,3258,3689,294,326,7162,20003,31180,14711,16469,32,105,2916
CONS015,consulting,2,25264,11852,13412,6934,11883,3689,7951,326,357,7489,16280,32077,15134,16943,31,111,2964
CONS015,consulting,3,25626,12253,13373,5378,12256,7951,11033,357,360,7523,13621,32537,15351,17186,3,111,2936
CONS015,consulting,4,25645,12314,13331,3840,12330,11033,10247,360,376,7740,14198,32561,15362,17199,16,115,3018
CONS015,consulting,5,26354,12436,13918,3690,12426,10247,8310,376,366,7789,16996,33461,15787,17674,-10,109,2956
CONS015,consulting,6,26892,12635,14257,6112,12655,8310,5692,366,386,7811,20255,34144,16109,18035,20,113,2905
CONS015,consulting,7,27946,13313,14633,5397,13315,5692,9425,386,388,8417,17253,35483,16741,18742,2,109,3012
CONS015,consulting,8,29190,13760,15430,5798,13786,9425,8403,388,414,9042,19203,37062,17486,19576,26,112,3098
CONS016,consulting,1,29214,18261,10953,3325,18310,8746,8471,358,407,7668,12307,28853,11279,17574,49,141,2625
CONS016,consulting,2,29644,18631,11013,4006,18664,8471,6440,407,440,7731,14666,29277,11444,17833,33,150,2608
CONS016,consulting,3,30548,19071,11477,3229,19087,6440,9239,440,456,7779,12696,30170,11793,18377,16,151,2546
CONS016,consulting,4,31920,19894,12026,5689,19880,9239,3639,456,442,7895,19549,31525,12323,19202,-14,140,2473
CONS016,consulting,5,33775,21277,12498,4604,21336,3639,5908,442,501,8815,18133,33357,13039,20318,59,150,2610
CONS016,consulting,6,35505,22251,13254,7033,22259,5908,7401,501,509,9063,18093,35066,13707,21359,8,145,2553
CONS016,consulting,7,36591,23051,13540,4047,23066,7401,9459,509,524,8996,17159,36138,14126,22012,15,145,2459
CONS016,consulting,8,37467,23257,14210,6765,23260,9459,11306,524,527,9187,15983,37003,14464,22539,3,142,2452
CONS017,consulting,1,35145,20588,14557,5803,20642,6657,7324,348,402,7126,25121,39973,22679,17294,54,101,2028
CONS017,consulting,2,35996,20859,15137,8245,20865,7324,14383,402,408,7538,18612,40941,23228,17713,6,100,2094
CONS017,consulting,3,36334,21484,14850,4145,21448,14383,13589,408,372,7295,20069,41325,23446,17879,-36,90,2008
CONS017,consulting,4,37145,21723,15422,4597,21722,13589,14050,372,371,7235,20591,42247,23969,18278,-1,88,1948
CONS017,consulting,5,38213,22230,15983,5937,22250,14050,13433,371,391,7534,22104,43462,24658,18804,20,90,1972
CONS017,consulting,6,39747,23458,16289,8451,23520,13433,6685,391,453,7637,30432,45207,25649,19558,62,100,1921
CONS017,consulting,7,40807,23666,17141,6599,23622,6685,8479,453,409,8080,29445,46413,26333,20080,-44,88,1980
CONS017,consulting,8,42293,24525,17768,7272,24593,8479,8827,409,477,8311,30488,48103,27292,20811,68,99,1965
CONS018,consulting,1,54175,31983,22192,6425,32064,20785,21962,534,615,17287,28448,68312,33818,34494,81,90,3191
CONS018,consulting,2,56764,33844,22920,7471,33876,21962,8439,615,647,17856,44634,71576,35434,36142,32,90,3146
CONS018,consulting,3,58208,34003,24205,9428,33992,8439,14583,647,636,18776,39402,73397,36336,37061,-11,87,3226
CONS018,consulting,4,59869,35672,24197,11433,35771,14583,16041,636,735,19563,39152,75491,37372,38119,99,97,3268
CONS018,consulting,5,60781,35502,25279,8916,35434,16041,22153,735,667,18928,34893,76641,37941,38700,-68,87,3114
CONS018,consulting,6,62365,36597,25768,13583,36671,22153,16398,667,741,19623,41877,78639,38931,39708,74,94,3146
CONS018,consulting,7,64434,38583,25851,6944,38633,16398,17276,741,791,20362,42819,81248,40222,41026,50,97,3160
CONS018,consulting,8,65535,39085,26450,13927,39051,17276,14996,791,757,20857,46026,82636,40909,41727,-34,92,3183
CONS019,consulting,1,39184,20336,18848,4940,20380,13798,13799,489,533,11070,19233,44635,16693,27942,44,119,2825
CONS019,consulting,2,40909,20999,19910,10637,21021,13799,9079,533,555,11113,25853,46600,17428,29172,22,119,2717
CONS019,consulting,3,42870,22094,20776,8366,22113,9079,15305,555,574,12003,20952,48834,18263,30571,19,118,2800
CONS019,consulting,4,44479,22749,21730,8301,22752,15305,7118,574,577,12176,30796,50667,18949,31718,3,114,2737
CONS019,consulting,5,45289,23149,22140,5666,23186,7118,9508,577,614,12629,28838,51589,19293,32296,37,119,2789
CONS019,consulting,6,45779,23318,22461,10115,23342,9508,7387,614,638,12384,31738,52147,19502,32645,24,122,2705
CONS019,consulting,7,46214,24012,22202,11614,23969,7387,8251,638,595,12898,30899,52643,19688,32955,-43,113,2791
CONS019,consulting,8,47110,24054,23056,7529,24123,8251,13476,595,664,13087,26437,53664,20069,33595,69,124,2778
CONS020,consulting,1,43642,25180,18462,9345,25249,9089,9588,609,678,10590,21009,41865,22104,19761,69,162,2427
CONS020,consulting,2,45772,26611,19161,10101,26630,9588,12947,678,697,11086,19179,43909,23183,20726,19,159,2422
CONS020,consulting,3,48536,27899,20637,8135,27980,12947,9805,697,778,11610,24367,46560,24583,21977,81,167,2392
CONS020,consulting,4,50374,29036,21338,9085,29029,9805,9831,778,771,11541,26180,48323,25514,22809,-7,160,2291
CONS020,consulting,5,51556,29576,21980,5545,29639,9831,9257,771,834,11719,27647,49457,26112,23345,63,169,2273
CONS020,consulting,6,53514,30679,22835,6501,30651,9257,10071,834,806,12813,27646,51336,27105,24231,-28,157,2394
CONS020,consulting,7,56443,32942,23501,10244,32988,10071,17270,806,852,13118,22905,54145,28588,25557,46,157,2324
CONS020,consulting,8,60059,35171,24888,8243,35224,17270,17577,852,905,14400,24732,57614,30419,27195,53,157,2398
CONS021,consulting,1,17171,8944,8227,4523,8956,2431,2442,156,168,5375,11236,19221,9330,9891,12,87,3130
CONS021,consulting,2,18014,9489,8525,2263,9491,2442,5120,168,170,5435,9440,20165,9788,10377,2,84,3017
CONS021,consulting,3,18655,9687,8968,3363,9706,5120,3676,170,189,5776,11241,20882,10136,10746,19,91,3096
CONS021,consulting,4,19462,10101,9361,2744,10097,3676,6432,189,185,6054,9115,21786,10575,11211,-4,85,3111
CONS021,consulting,5,19887,10528,9359,2488,10534,6432,2434,185,191,5858,13778,22261,10805,11456,6,86,2946
CONS021,consulting,6,20336,10564,9772,4856,10550,2434,3278,191,177,6228,13081,22764,11049,11715,-14,78,3063
CONS021,consulting,7,20568,10656,9912,4914,10687,3278,2946,177,208,6252,13618,23024,11176,11848,31,90,3040
CONS021,consulting,8,20868,10852,10016,4019,10834,2946,6278,208,190,6433,10459,23360,11339,12021,-18,81,3083
CONS022,consulting,1,18836,10564,8272,3057,10564,3624,3695,242,242,3984,15635,23556,14292,9264,0,103,2115
CONS022,consulting,2,19081,10635,8446,4323,10665,3695,4049,242,272,4094,15448,23863,14478,9385,30,114,2146
CONS022,consulting,3,19247,10647,8600,3611,10627,4049,6236,272,252,4037,13545,24070,14603,9467,-20,105,2097
CONS022,consulting,4,19831,10952,8879,3822,10949,6236,6114,252,249,3888,14550,24801,15047,9754,-3,100,1961
CONS022,consulting,5,20239,11272,8967,3751,11307,6114,5510,249,284,4283,15234,25311,15356,9955,35,112,2116
CONS022,consulting,6,20547,11410,9137,4139,11396,5510,3598,284,270,4240,17588,25696,15590,10106,-14,105,2064
CONS022,consulting,7,20571,11525,9046,2728,11549,3598,8822,270,294,4279,12331,25726,15608,10118,24,114,2080
CONS022,consulting,8,20807,11569,9238,2906,11574,8822,7048,294,299,4084,14590,26021,15787,10234,5,115,1963
CONS023,consulting,1,13156,7954,5202,1864,7981,2498,2766,166,193,2640,7988,13587,7087,6500,27,142,2007
CONS023,consulting,2,13456,8120,5336,1494,8125,2766,1974,193,198,2864,8861,13897,7249,6648,5,142,2128
CONS023,consulting,3,13594,8113,5481,2610,8098,1974,4349,198,183,2872,6636,14040,7324,6716,-15,130,2113
CONS023,consulting,4,13855,8185,5670,1969,8186,4349,4920,183,184,2803,6402,14309,7464,6845,1,129,2023
CONS023,consulting,5,14223,8446,5777,2308,8454,4920,3415,184,192,3041,8041,14689,7662,7027,8,131,2138
CONS023,consulting,6,14889,8943,5946,1715,8958,3415,2982,192,207,3066,9122,15377,8021,7356,15,135,2059
CONS023,consulting,7,15303,9259,6044,2161,9276,2982,3388,207,224,3153,9040,15805,8244,7561,17,142,2060
CONS023,consulting,8,15700,9366,6334,2327,9374,3388,3145,224,232,3343,9495,16215,8458,7757,8,143,2129
CONS024,consulting,1,42255,23653,18602,8686,23707,8026,8338,538,592,10023,30560,49513,27242,22271,54,120,2372
CONS024,consulting,2,43720,24558,19162,8225,24639,8338,13859,592,673,11037,25660,51229,28186,23043,81,131,2524
CONS024,consulting,3,44372,24436,19936,8447,24410,13859,6078,673,647,11198,34070,51993,28607,23386,-26,124,2524
CONS024,consulting,4,44482,24685,19797,9365,24701,6078,16644,647,663,10428,24387,52122,28678,23444,16,127,2344
CONS024,consulting,5,45076,25170,19906,6951,25131,16644,16935,663,624,11252,24007,52818,29060,23758,-39,118,2496
CONS024,consulting,6,45749,25473,20276,9783,25505,16935,12588,624,656,10847,29516,53607,29495,24112,32,122,2371
CONS024,consulting,7,46774,25744,21030,6441,25820,12588,13898,656,732,11740,28438,54808,30155,24653,76,134,2510
CONS024,consulting,8,48672,27249,21423,8452,27200,13898,14106,732,683,12173,30070,57032,31379,25653,-49,120,2501
CONS025,consulting,1,27239,12733,14506,7431,12789,6830,7245,328,384,6376,16422,30427,18465,11962,56,126,2341
CONS025,consulting,2,28553,13655,14898,6490,13693,7245,4010,384,422,6725,20738,31895,19355,12540,38,132,2355
CONS025,consulting,3,29677,14022,15655,4799,14015,4010,6556,422,415,6849,19331,33151,20118,13033,-7,125,2308
CONS025,consulting,4,30257,14091,16166,8767,14109,6556,4526,415,433,7388,21452,33799,20511,13288,18,128,2442
CONS025,consulting,5,31157,14548,16609,6300,14574,4526,4337,433,459,7371,22637,34804,21121,13683,26,132,2366
CONS025,consulting,6,32131,14940,17191,7938,14973,4337,6746,459,492,7352,21302,35892,21781,14111,33,137,2288
CONS025,consulting,7,33637,16150,17487,4988,16171,6746,4842,492,513,8233,23986,37574,22802,14772,21,137,2448
CONS025,consulting,8,35437,16952,18485,7768,16954,4842,8167,513,515,8729,22174,39585,24022,15563,2,130,2463
CONS026,consulting,1,24154,13654,10500,5240,13655,6948,6689,213,214,7950,9923,24776,13872,10904,1,86,3291
CONS026,consulting,2,24922,13808,11114,5776,13802,6689,7610,214,208,8121,9625,25564,14313,11251,-6,81,3259
CONS026,consulting,3,25901,14480,11421,4094,14484,7610,4813,208,212,8359,13184,26568,14876,11692,4,80,3227
CONS026,consulting,4,26397,14929,11468,6069,14948,4813,6104,212,231,8551,12191,27077,15161,11916,19,85,3239
CONS026,consulting,5,26526,14968,11558,3648,14944,6104,5524,231,207,8873,12605,27209,15235,11974,-24,76,3345
CONS026,consulting,6,27385,15094,12291,3639,15102,5524,3248,207,215,8653,15974,28090,15728,12362,8,77,3160
CONS026,consulting,7,27912,15567,12345,5405,15602,3248,4061,215,250,9092,15228,28631,16031,12600,35,87,3257
CONS026,consulting,8,28905,16098,12807,4538,16104,4061,3497,250,256,9654,16242,29649,16601,13048,6,86,3340
CONS027,consulting,1,27672,16512,11160,4246,16559,8237,9320,360,407,8987,16106,34820,17015,17805,47,117,3248
CONS027,consulting,2,28670,17169,11501,4668,17152,9320,8008,407,390,9211,18467,36076,17629,18447,-17,108,3213
CONS027,consulting,3,29561,17321,12240,4609,17356,8008,4640,390,425,9485,22647,37197,18177,19020,35,114,3209
CONS027,consulting,4,30577,18291,12286,6689,18315,4640,8278,425,449,9550,20198,38475,18801,19674,24,117,3123
CONS027,consulting,5,32060,19051,13009,5782,19035,8278,11305,449,433,10508,18095,40341,19713,20628,-16,107,3278
CONS027,consulting,6,33286,19693,13593,4816,19763,11305,10672,433,503,10782,19927,41884,20467,21417,70,120,3239
CONS027,consulting,7,34677,20337,14340,7079,20324,10672,9672,503,490,11090,22382,43634,21322,22312,-13,112,3198
CONS027,consulting,8,36291,21575,14716,4258,21587,9672,6984,490,502,11839,26340,45665,22315,23350,12,110,3262
CONS028,consulting,1,22174,11853,10321,5314,11864,4742,5358,295,306,6957,9426,22047,8208,13839,11,139,3137
CONS028,consulting,2,22438,11893,10545,3612,11892,5358,2838,306,305,6925,12242,22310,8306,14004,-1,137,3086
CONS028,consulting,3,22912,12062,10850,5259,12065,2838,5731,305,308,7166,9576,22781,8482,14299,3,135,3128
CONS028,consulting,4,23766,12609,11157,3997,12649,5731,3239,308,348,7319,12724,23630,8798,14832,40,147,3080
CONS028,consulting,5,24552,13048,11504,3959,13037,3239,3770,348,337,7812,12493,24412,9089,15323,-11,138,3182
CONS028,consulting,6,24971,13252,11719,3759,13260,3770,6339,337,345,7754,10390,24828,9244,15584,8,139,3105
CONS028,consulting,7,25956,13750,12206,6709,13778,6339,5718,345,373,8319,11398,25808,9608,16200,28,145,3205
CONS028,consulting,8,27287,14276,13011,3570,14302,5718,2818,373,399,8524,15390,27131,10101,17030,26,147,3124
CONS029,consulting,1,37545,20952,16593,9100,20962,13065,14312,536,546,9091,20011,43960,17837,26123,10,124,2421
CONS029,consulting,2,37994,21176,16818,5943,21169,14312,10996,546,539,9269,23682,44486,18050,26436,-7,121,2440
CONS029,consulting,3,38414,21471,16943,9061,21447,10996,9688,539,515,8695,26080,44978,18250,26728,-24,115,2263
CONS029,consulting,4,39643,21833,17810,8791,21850,9688,8447,515,532,9066,28372,46417,18834,27583,17,115,2287
CONS029,consulting,5,41535,23235,18300,5867,23298,8447,8851,532,595,10029,29157,48632,19732,28900,63,122,2415
CONS029,consulting,6,43994,24523,19471,6346,24538,8851,15544,595,610,10287,25070,51511,20901,30610,15,118,2338
CONS029,consulting,7,46563,25870,20693,5200,25941,15544,13868,610,681,10683,29287,54519,22121,32398,71,125,2294
CONS029,consulting,8,49674,27869,21805,10749,27856,13868,8092,681,668,11701,37701,58162,23599,34563,-13,115,2356
CONS030,consulting,1,17819,9996,7823,4263,10019,3898,3767,242,265,4156,10133,18321,9622,8699,23,145,2332
CONS030,consulting,2,18160,10226,7934,3098,10234,3767,3022,265,273,4021,11356,18672,9806,8866,8,146,2214
CONS030,consulting,3,18357,10415,7942,4148,10404,3022,5586,273,262,4321,8706,18875,9913,8962,-11,139,2354
CONS030,consulting,4,18525,10566,7959,4243,10567,5586,3970,262,263,4115,10699,19047,10003,9044,1,138,2221
CONS030,consulting,5,18646,10464,8182,2443,10471,3970,5057,263,270,4105,9740,19172,10069,9103,7,141,2202
CONS030,consulting,6,19153,10944,8209,4142,10967,5057,3246,270,293,4529,11625,19693,10342,9351,23,149,2365
CONS030,consulting,7,19351,10854,8497,4061,10838,3246,2853,293,277,4486,12281,19897,10450,9447,-16,139,2318
CONS030,consulting,8,19921,11151,8770,4499,11173,2853,4820,277,299,4547,10817,20483,10757,9726,22,146,2283
CONS031,consulting,1,22968,11731,11237,5462,11735,3563,3573,340,344,6610,12375,22902,13129,9773,4,150,2878
CONS031,consulting,2,23823,12161,11662,6276,12159,3573,5999,344,342,7047,10367,23755,13618,10137,-2,144,2958
CONS031,consulting,3,25040,12597,12443,4880,12621,5999,7704,342,366,7328,9570,24968,14313,10655,24,147,2927
CONS031,consulting,4,25700,13165,12535,6096,13196,7704,4738,366,397,7339,13152,25626,14690,10936,31,155,2856
CONS031,consulting,5,26909,13581,13328,4679,13575,4738,6139,397,391,7946,12356,26832,15382,11450,-6,146,2953
CONS031,consulting,6,28161,14237,13924,6455,14243,6139,6278,391,397,8006,13399,28080,16097,11983,6,141,2843
CONS031,consulting,7,29281,15166,14115,3660,15196,6278,5397,397,427,8702,14671,29197,16738,12459,30,146,2972
CONS031,consulting,8,30852,15982,14870,7583,16025,5397,8037,427,470,8794,13463,30764,17636,13128,43,153,2850
CONS032,consulting,1,48522,23337,25185,11918,23372,10422,11088,462,497,12505,26775,50865,29267,21598,35,98,2577
CONS032,consulting,2,49424,24369,25055,8891,24393,11088,12418,497,521,12912,25959,51810,29811,21999,24,101,2612
CONS032,consulting,3,49859,23969,25890,9052,23975,12418,7749,521,527,13135,30855,52266,30073,22193,6,101,2634
CONS032,consulting,4,50146,24815,25331,13855,24752,7749,6845,527,464,12358,32900,52567,30247,22320,-63,88,2464
CONS032,consulting,5,50184,24241,25943,11396,24281,6845,16184,464,504,13073,22846,52607,30270,22337,40,96,2605
CONS032,consulting,6,51086,24927,26159,9256,24947,16184,11628,504,524,12974,28426,53552,30813,22739,20,98,2540
CONS032,consulting,7,51576,24939,26637,8628,24905,11628,16419,524,490,12795,24362,54066,31109,22957,-34,91,2481
CONS032,consulting,8,52141,25305,26836,12868,25362,16419,9996,490,547,12856,31259,54658,31450,23208,57,100,2466
CONS033,consulting,1,23341,13850,9491,2757,13868,6842,6936,363,381,7423,12745,27485,15360,12125,18,139,3180
CONS033,consulting,2,23689,14123,9566,3030,14120,6936,5713,381,378,7280,14524,27895,15589,12306,-3,136,3073
CONS033,consulting,3,24416,14639,9777,4675,14670,5713,6015,378,409,7727,14600,28751,16067,12684,31,142,3165
CONS033,consulting,4,25157,14929,10228,4179,14946,6015,7029,409,426,7935,14233,29623,16555,13068,17,144,3154
CONS033,consulting,5,26156,15751,10405,5478,15748,7029,6597,426,423,8244,15536,30800,17212,13588,-3,137,3152
CONS033,consulting,6,27060,15910,11150,3513,15921,6597,4118,423,434,8367,18945,31864,17807,14057,11,136,3092
CONS033,consulting,7,27406,16346,11060,2872,16368,4118,7395,434,456,8776,15644,32271,18035,14236,22,141,3202
CONS033,consulting,8,27566,16217,11349,3948,16188,7395,7967,456,427,8769,15297,32460,18140,14320,-29,132,3181
CONS034,consulting,1,55101,30639,24462,7953,30736,17479,16667,784,881,11166,34657,63371,27141,36230,97,139,2026
CONS034,consulting,2,58529,32988,25541,13534,33087,16667,11361,881,980,12532,42440,67313,28830,38483,99,146,2141
CONS034,consulting,3,61482,34351,27131,14805,34362,11361,25426,980,991,12647,31645,70709,30284,40425,11,140,2057
CONS034,consulting,4,65080,36397,28683,11880,36451,25426,19275,991,1045,13232,41295,74847,32057,42790,54,140,2033
CONS034,consulting,5,68161,38296,29865,10455,38363,19275,15659,1045,1112,14443,47177,78391,33574,44817,67,142,2119
CONS034,consulting,6,69898,39773,30125,9591,39859,15659,24483,1112,1198,14387,40321,80389,34430,45959,86,149,2058
CONS034,consulting,7,71957,41138,30819,13769,41102,24483,15618,1198,1162,14424,51553,82757,35444,47313,-36,140,2005
CONS034,consulting,8,72839,41603,31236,15763,41653,15618,13406,1162,1212,14374,54779,83771,35879,47892,50,145,1973
CONS035,consulting,1,11733,6313,5420,1599,6335,4118,4139,159,181,2838,7756,14914,5816,9098,22,121,2419
CONS035,consulting,2,11926,6269,5657,2224,6262,4139,3136,181,174,2825,9024,15159,5911,9248,-7,115,2369
CONS035,consulting,3,12054,6512,5542,1416,6511,3136,3436,174,173,2954,8759,15322,5975,9347,-1,113,2451
CONS035,consulting,4,12347,6559,5788,2683,6573,3436,2253,173,187,3051,10203,15694,6120,9574,14,119,2471
CONS035,consulting,5,12662,6727,5935,1882,6719,2253,3719,187,179,2934,9263,16095,6276,9819,-8,111,2317
CONS035,consulting,6,12964,6976,5988,1859,6995,3719,5596,179,198,3233,7452,16479,6426,10053,19,120,2494
CONS035,consulting,7,13056,6869,6187,2963,6874,5596,5899,198,203,3017,7476,16595,6471,10124,5,122,2311
CONS035,consulting,8,13480,7083,6397,3230,7078,5899,4612,203,198,3133,9191,17134,6681,10453,-5,116,2324
CONS036,consulting,1,15986,8410,7576,2604,8411,5301,5738,222,223,4183,9773,19917,12329,7588,1,112,2617
CONS036,consulting,2,16390,8787,7603,3575,8793,5738,3382,223,229,4431,12378,20420,12640,7780,6,112,2703
CONS036,consulting,3,17071,9109,7962,3468,9131,3382,7123,229,251,4376,9519,21269,13165,8104,22,118,2563
CONS036,consulting,4,17536,9269,8267,2286,9281,7123,6031,251,263,4463,11091,21848,13524,8324,12,120,2545
CONS036,consulting,5,17921,9650,8271,2775,9637,6031,4334,263,250,4777,12967,22328,13821,8507,-13,112,2666
CONS036,consulting,6,18619,9893,8726,4676,9917,4334,6240,250,274,4849,11835,23198,14359,8839,24,118,2604
CONS036,consulting,7,18992,9980,9012,2666,9972,6240,6614,274,266,4830,11952,23662,14647,9015,-8,112,2543
CONS036,consulting,8,19104,10222,8882,3325,10210,6614,5694,266,254,4973,12881,23802,14733,9069,-12,107,2603
CONS037,consulting,1,27433,16166,11267,5556,16190,7682,7930,232,256,7302,17721,33209,20243,12966,24,77,2662
CONS037,consulting,2,27251,15942,11309,3167,15935,7930,9802,256,249,7269,15668,32988,20109,12879,-7,75,2667
CONS037,consulting,3,27952,16573,11379,3817,16593,9802,10012,249,269,7647,15909,33837,20626,13211,20,79,2736
CONS037,consulting,4,28867,16696,12171,4667,16726,10012,8532,269,299,7481,18632,34944,21301,13643,30,86,2592
CONS037,consulting,5,29372,17267,12105,4670,17273,8532,11139,299,305,7596,16516,35556,21674,13882,6,86,2586
CONS037,consulting,6,29826,17466,12360,3575,17470,11139,4603,305,309,7987,23206,36105,22009,14096,4,86,2678
CONS037,consulting,7,30992,18254,12738,4803,18237,4603,12512,309,292,8062,16651,37517,22869,14648,-17,78,2601
CONS037,consulting,8,32094,18541,13553,6883,18537,12512,8520,292,288,8614,21429,38851,23683,15168,-4,74,2684
CONS038,consulting,1,35598,21102,14496,6581,21190,12391,13727,629,717,8059,25220,47723,28051,19672,88,150,2264
CONS038,consulting,2,36205,21278,14927,5350,21316,13727,15985,717,755,8389,23408,48537,28529,20008,38,156,2317
CONS038,consulting,3,37114,21892,15222,3984,21925,15985,12072,755,788,8508,28387,49755,29245,20510,33,158,2292
CONS038,consulting,4,37560,22140,15420,7588,22137,12072,17724,788,785,8451,23393,50353,29597,20756,-3,156,2250
CONS038,consulting,5,38442,22370,16072,5665,22386,17724,8237,785,801,9312,33186,51536,30292,21244,16,155,2422
CONS038,consulting,6,39474,23082,16392,4167,23058,8237,18366,801,777,9262,24514,52919,31105,21814,-24,147,2346
CONS038,consulting,7,40212,23832,16380,5441,23841,18366,7031,777,786,9136,36956,53909,31687,22222,9,146,2272
CONS038,consulting,8,40791,24075,16716,5879,24110,7031,11048,786,821,9385,33431,54685,32143,22542,35,150,2301
CONS039,consulting,1,47346,29124,18222,8736,29135,20957,22369,463,474,9839,31061,63743,24223,39520,11,74,2078
CONS039,consulting,2,49279,30097,19182,5338,30115,22369,24861,474,492,10394,30598,66345,25212,41133,18,74,2109
CONS039,consulting,3,51610,32109,19501,9381,32171,24861,22984,492,554,9962,35984,69484,26405,43079,62,80,1930
CONS039,consulting,4,53905,32878,21027,7869,32838,22984,9991,554,514,10665,51404,72574,27579,44995,-40,71,1978
CONS039,consulting,5,55879,34611,21268,10928,34665,9991,14661,514,568,11223,48779,75231,28589,46642,54,76,2008
CONS039,consulting,6,58657,36181,22476,8436,36201,14661,15112,568,588,11872,51399,78971,30010,48961,20,74,2024
CONS039,consulting,7,61117,37967,23150,8659,37995,15112,27492,588,616,12447,41728,82283,31269,51014,28,75,2037
CONS039,consulting,8,62793,38186,24607,12339,38262,27492,13591,616,692,13293,56964,84540,32126,52414,76,82,2117
CONS040,consulting,1,38376,20905,17471,7501,20915,4689,4923,370,380,11209,23989,40501,15379,25122,10,94,2921
CONS040,consulting,2,38625,20980,17645,9147,20943,4923,5857,380,343,11961,22603,40764,15479,25285,-37,84,3097
CONS040,consulting,3,38966,21212,17754,5271,21255,5857,5266,343,386,11681,23791,41124,15615,25509,43,94,2998
CONS040,consulting,4,40419,22088,18331,9655,22113,5266,5307,386,411,12148,24791,42657,16197,26460,25,96,3006
CONS040,consulting,5,41184,22194,18990,6771,22207,5307,8801,411,424,12240,22000,43465,16504,26961,13,98,2972
CONS040,consulting,6,42008,23135,18873,8711,23140,8801,5355,424,429,12434,26116,44334,16834,27500,5,97,2960
CONS040,consulting,7,42242,22950,19292,5367,22912,5355,13635,429,391,12843,17712,44581,16928,27653,-38,88,3040
CONS040,consulting,8,43309,23376,19933,7186,23371,13635,10095,391,386,12877,22349,45707,17356,28351,-5,84,2973
RETL001,retail,1,65819,51092,14727,6041,51518,14515,15003,12031,12457,3330,41898,72688,42512,30176,426,1714,506
RETL001,retail,2,68457,53255,15202,4068,54070,15003,16322,12457,13272,3770,42238,75602,44216,31386,815,1756,551
RETL001,retail,3,71467,55065,16402,6866,55364,16322,11639,13272,13571,3435,50281,78926,46160,32766,299,1719,481
RETL001,retail,4,74930,58307,16623,7292,59140,11639,21413,13571,14404,4183,42750,82750,48396,34354,833,1741,558
RETL001,retail,5,78770,60874,17896,7460,61713,21413,14613,14404,15243,3741,53394,86991,50877,36114,839,1752,475
RETL001,retail,6,83273,64612,18661,6563,65153,14613,26037,15243,15784,4082,46061,91964,53785,38179,541,1716,490
RETL001,retail,7,86144,67604,18540,5746,68505,26037,17525,15784,16685,4719,56206,95135,55640,39495,901,1754,548
RETL001,retail,8,90586,70200,20386,6926,70838,17525,12652,16685,17323,4548,65517,100040,58509,41531,638,1732,502
RETL002,retail,1,151309,111917,39392,16013,114829,55197,53609,31221,34133,4318,109113,201173,86138,115035,2912,1697,285
RETL002,retail,2,158690,118411,40279,14325,119989,53609,40391,34133,35711,4300,130584,210986,90340,120646,1578,1693,271
RETL002,retail,3,163173,119967,43206,11224,121170,40391,29665,35711,36914,5627,144741,216947,92892,124055,1203,1702,345
RETL002,retail,4,167265,124805,42460,13277,125315,29665,37506,36914,37424,5880,141577,222387,95221,127166,510,1683,352
RETL002,retail,5,172282,127397,44885,22354,129102,37506,35426,37424,39129,5006,149496,229057,98077,130980,1705,1708,291
RETL002,retail,6,176956,130310,46646,19606,131913,35426,32340,39129,40732,5129,157071,235272,100739,134533,1603,1731,290
RETL002,retail,7,179627,134061,45566,21285,134408,32340,32741,40732,41079,5060,159943,238823,102259,136564,347,1720,282
RETL002,retail,8,186014,136547,49467,13202,136743,32741,81742,41079,41275,4749,119549,247315,105895,141420,196,1669,255
RETL003,retail,1,163195,128838,34357,13512,129582,46570,47181,42897,43641,8338,87790,186950,93440,93510,744,2334,511
RETL003,retail,2,169419,133024,36395,14146,133968,47181,34740,43641,44585,9452,105303,194080,97004,97076,944,2297,558
RETL003,retail,3,174011,137097,36914,18886,138303,34740,47773,44585,45791,9061,96715,199340,99633,99707,1206,2297,521
RETL003,retail,4,176380,137713,38667,11414,139117,47773,22204,45791,47195,9339,123316,202054,100990,101064,1404,2336,529
RETL003,retail,5,176743,137803,38940,18474,138126,22204,25036,47195,47518,9018,120898,202470,101198,101272,323,2347,510
RETL003,retail,6,179733,140152,39581,16963,139921,25036,66881,47518,47287,9110,82617,205895,102909,102986,-231,2297,507
RETL003,retail,7,181972,143548,38424,16481,143745,66881,58448,47287,47484,10214,92314,208460,104191,104269,197,2278,561
RETL003,retail,8,187358,145689,41669,17366,148265,58448,36991,47484,50060,9939,117640,214630,107275,107355,2576,2332,530
RETL004,retail,1,195426,152745,42681,11533,153361,24037,27020,59342,59958,13912,117355,218245,106835,111410,616,2747,712
RETL004,retail,2,203272,158912,44360,12003,162524,27020,53119,59958,63570,14874,95444,227007,111124,115883,3612,2800,732
RETL004,retail,3,211679,163247,48432,20625,165740,53119,38210,63570,66063,15473,116650,236396,115720,120676,2493,2795,731
RETL004,retail,4,221141,169838,51303,19554,172316,38210,61190,66063,68541,16045,101187,246963,120893,126070,2478,2775,726
RETL004,retail,5,234129,182797,51332,20246,186016,61190,55618,68541,71760,16695,117394,261467,127993,133474,3219,2745,713
RETL004,retail,6,240966,187195,53771,24046,190110,55618,64843,71760,74675,17293,112291,269102,131730,137372,2915,2775,718
RETL004,retail,7,249443,192240,57203,24704,194960,64843,33076,74675,77395,17782,150316,278569,136364,142205,2720,2778,713
RETL004,retail,8,255439,197935,57504,15936,200362,33076,61234,77395,79822,18572,125637,285265,139642,145623,2427,2798,727
RETL005,retail,1,126822,98822,28000,10093,104285,17484,19676,32890,38353,10126,82325,150480,82041,68439,5463,2549,798
RETL005,retail,2,129739,100929,28810,8116,101542,19676,26403,38353,38966,9989,78583,153941,83928,70013,613,2531,770
RETL005,retail,3,134725,106016,28709,8132,107855,26403,35892,38966,40805,11138,72022,159857,87153,72704,1839,2553,827
RETL005,retail,4,141922,111637,30285,15600,112845,35892,35104,40805,42013,11904,79376,168397,91809,76588,1208,2495,839
RETL005,retail,5,148471,117241,31230,8125,120263,35104,42344,42013,45035,11823,76966,176168,96046,80122,3022,2556,796
RETL005,retail,6,157038,122455,34583,18402,124245,42344,55055,45035,46825,11806,72647,186333,101588,84745,1790,2513,752
RETL005,retail,7,164564,128815,35749,10218,131349,55055,23798,46825,49359,12975,109131,195263,106456,88807,2534,2528,788
RETL005,retail,8,169511,132160,37351,15485,133134,23798,29555,49359,50333,13038,108206,201132,109656,91476,974,2502,769
RETL006,retail,1,132709,104027,28682,12507,106248,38510,45131,38826,41047,7086,81233,174497,104301,70196,2221,2352,534
RETL006,retail,2,141097,111317,29780,7556,113841,45131,40827,41047,43571,7176,93952,185526,110893,74633,2524,2349,509
RETL006,retail,3,148182,117259,30923,12625,118758,40827,37398,43571,45070,7347,105027,194842,116461,78381,1499,2313,496
RETL006,retail,4,157209,125067,32142,13274,127779,37398,45287,45070,47782,7864,105778,206711,123556,83155,2712,2312,500
RETL006,retail,5,165747,129798,35949,9257,132333,45287,36290,47782,50317,8953,122378,217938,130266,87672,2535,2309,540
RETL006,retail,6,172895,137938,34957,16570,140713,36290,50299,50317,53092,9314,114632,227337,135884,91453,2775,2335,539
RETL006,retail,7,180163,142684,37479,16734,143823,50299,78068,53092,54231,8663,95931,236893,141596,95297,1139,2289,481
RETL006,retail,8,183380,144758,38622,15973,147096,78068,58595,54231,56569,10151,115808,241123,144125,96998,2338,2346,554
RETL007,retail,1,186713,139508,47205,16536,145433,33210,35692,41435,47360,6869,89399,179320,72780,106540,5925,2641,368
RETL007,retail,2,191468,140921,50547,17116,143081,35692,54245,47360,49520,6430,73692,183887,74633,109254,2160,2693,336
RETL007,retail,3,193542,143954,49588,18514,144922,54245,44580,49520,50488,8099,82712,185879,75442,110437,968,2716,418
RETL007,retail,4,196787,145276,51511,22369,144745,44580,29095,50488,49957,6647,103297,188996,76707,112289,-531,2643,338
RETL007,retail,5,202436,150749,51687,20564,153513,29095,50978,49957,52721,8205,82517,194421,78908,115513,2764,2712,405
RETL007,retail,6,206498,153301,53197,26435,153265,50978,57705,52721,52685,8455,79477,198322,80492,117830,-36,2657,409
RETL007,retail,7,214580,157704,56876,23965,159817,57705,39395,52685,54798,8938,102953,206084,83642,122442,2113,2659,417
RETL007,retail,8,222713,165880,56833,15614,168060,39395,44600,54798,56978,7739,104578,213895,86812,127083,2180,2664,347
RETL008,retail,1,97147,70910,26237,11084,71460,18849,18366,26190,26740,6204,59026,110336,64150,46186,550,2424,639
RETL008,retail,2,102082,73532,28550,15643,74842,18366,22438,26740,28050,6607,58846,115941,67408,48533,1310,2419,647
RETL008,retail,3,107700,77672,30028,11060,79009,22438,27450,28050,29387,7057,58427,122321,71118,51203,1337,2402,655
RETL008,retail,4,110852,80865,29987,11042,82115,27450,19825,29387,30637,6676,68763,125901,73199,52702,1250,2433,602
RETL008,retail,5,114091,82169,31922,13485,83121,19825,26549,30637,31589,6499,64943,129580,75338,54242,952,2438,570
RETL008,retail,6,117982,85648,32334,13729,86193,26549,28429,31589,32134,7194,66242,133999,77907,56092,545,2398,610
RETL008,retail,7,121680,87612,34068,16699,89003,28429,39559,32134,33525,7261,57854,138199,80349,57850,1391,2426,597
RETL008,retail,8,123743,89563,34180,10994,89614,39559,34822,33525,33576,7876,64268,140542,81711,58831,51,2389,636
RETL009,retail,1,88635,69790,18845,6935,70302,27830,29094,25869,26381,7289,52488,115252,41912,73340,512,2289,822
RETL009,retail,2,92093,71560,20533,10631,72483,29094,18497,26381,27304,7976,65971,119748,43547,76201,923,2280,866
RETL009,retail,3,94139,73405,20734,6736,74269,18497,16556,27304,28168,7945,69740,122409,44515,77894,864,2301,844
RETL009,retail,4,97882,76976,20906,5303,77619,16556,28359,28168,28811,8988,61118,127276,46285,80991,643,2264,918
RETL009,retail,5,101439,78830,22609,6791,79720,28359,34795,28811,29701,8726,58679,131901,47967,83934,890,2252,860
RETL009,retail,6,106024,83531,22493,5642,84916,34795,23279,29701,31086,9632,73866,137863,50135,87728,1385,2255,908
RETL009,retail,7,110405,86634,23771,7237,87779,23279,31437,31086,32231,9552,70339,143559,52206,91353,1145,2245,865
RETL009,retail,8,115379,90092,25287,7649,91329,31437,40271,32231,33468,10426,65862,150027,54558,95469,1237,2231,904
RETL010,retail,1,53599,41216,12383,6373,41705,17657,17841,15621,16110,2047,25577,61575,38840,22735,489,2616,382
RETL010,retail,2,55050,42507,12543,3514,42850,17841,10823,16110,16453,2564,33402,63242,39892,23350,343,2602,466
RETL010,retail,3,55664,42607,13057,6559,42684,10823,20111,16453,16530,2456,24850,63947,40336,23611,77,2585,441
RETL010,retail,4,55951,42957,12994,6188,43270,20111,11620,16530,16843,2119,33695,64277,40545,23732,313,2620,379
RETL010,retail,5,57128,44121,13007,3708,44145,11620,8425,16843,16867,2212,38125,65629,41397,24232,24,2570,387
RETL010,retail,6,58850,45604,13246,6041,46089,8425,14854,16867,17352,2607,32794,67607,42645,24962,485,2567,443
RETL010,retail,7,61644,47736,13908,6564,48911,14854,22300,17352,18527,2350,27640,70817,44670,26147,1175,2616,381
RETL010,retail,8,64994,50128,14866,6747,51010,22300,20046,18527,19409,2659,32552,74666,47098,27568,882,2599,409
RETL011,retail,1,127254,90537,36717,9675,91072,29172,34001,27593,28128,3860,60961,126950,72548,54402,535,2216,303
RETL011,retail,2,127887,91340,36547,13902,91580,34001,40471,28128,28368,4431,54311,127581,72908,54673,240,2224,346
RETL011,retail,3,128717,91684,37033,20154,91634,40471,35376,28368,28318,4922,59793,128409,73381,55028,-50,2205,382
RETL011,retail,4,130584,93973,36611,11591,95174,35376,27408,28318,29519,4706,68639,130272,74446,55826,1201,2266,360
RETL011,retail,5,133093,94488,38605,17177,94919,27408,22687,29519,29950,4673,75465,132775,75876,56899,431,2256,351
RETL011,retail,6,135542,97919,37623,14352,98581,22687,22390,29950,30612,4474,77742,135218,77272,57946,662,2264,330
RETL011,retail,7,137089,97848,39241,18846,97591,22390,26922,30612,30355,4019,75465,136761,78154,58607,-257,2220,293
RETL011,retail,8,139016,99571,39445,18831,100644,26922,44405,30355,31428,4433,58418,138684,79253,59431,1073,2266,319
RETL012,retail,1,102422,77006,25416,9484,78647,30280,35323,23057,24698,7283,46975,114279,56330,57949,1641,2161,711
RETL012,retail,2,105320,78590,26730,7633,78918,35323,18249,24698,25026,7621,66617,117513,57925,59588,328,2130,724
RETL012,retail,3,107422,80255,27167,8111,81242,18249,15374,25026,26013,7506,70965,119858,59080,60778,987,2170,699
RETL012,retail,4,110211,82466,27745,7138,83161,15374,38189,26013,26708,7945,50128,122970,60614,62356,695,2172,721
RETL012,retail,5,111524,83809,27715,12064,83727,38189,29619,26708,26626,8886,59304,124435,61337,63098,-82,2140,797
RETL012,retail,6,115830,87117,28713,12545,89001,29619,25505,26626,28510,8329,66896,129240,63705,65535,1884,2206,719
RETL012,retail,7,119366,88166,31200,11349,88157,25505,32793,28510,28501,9530,62361,133185,65650,67535,-9,2140,798
RETL012,retail,8,125219,94240,30979,14291,96502,32793,19377,28501,30763,9460,80116,139716,68869,70847,2262,2202,755
RETL013,retail,1,47897,36098,11799,3520,36711,5713,5902,11923,12536,2512,29229,50179,20110,30069,613,2498,524
RETL013,retail,2,48884,36936,11948,5117,36934,5902,7595,12536,12534,2901,28183,51213,20525,30688,-2,2447,593
RETL013,retail,3,50198,37693,12505,4333,38157,7595,6455,12534,12998,2866,30271,52590,21076,31514,464,2472,571
RETL013,retail,4,51098,39081,12017,5942,39451,6455,7497,12998,13368,2790,29878,53533,21454,32079,370,2497,546
RETL013,retail,5,51818,39294,12524,6729,39195,7497,15633,13368,13269,3128,22257,54287,21757,32530,-99,2444,604
RETL013,retail,6,52160,39254,12906,5232,39264,15633,9574,13269,13279,3208,28584,54645,21900,32745,10,2430,615
RETL013,retail,7,52277,39982,12295,6014,40056,9574,16843,13279,13353,3216,21356,54768,21949,32819,74,2438,615
RETL013,retail,8,52140,39393,12747,4412,39362,16843,8999,13353,13322,3014,29289,54624,21892,32732,-31,2439,578
RETL014,retail,1,137146,102618,34528,16050,103102,31227,34481,25364,25848,8263,68729,137321,52104,85217,484,1882,602
RETL014,retail,2,139092,104549,34543,9265,104261,34481,33349,25848,25560,7728,72632,139269,52843,86426,-288,1835,556
RETL014,retail,3,140055,105264,34791,11929,106254,33349,33070,25560,26550,8595,72018,140233,53209,87024,990,1893,614
RETL014,retail,4,142671,107544,35127,19101,107885,33070,19392,26550,26891,7882,88688,142853,54203,88650,341,1882,552
RETL014,retail,5,147860,111168,36692,10103,111660,19392,42707,26891,27383,8961,68997,148048,56174,91874,492,1850,606
RETL014,retail,6,153394,116515,36879,12461,117336,42707,48381,27383,28204,9304,67700,153589,58277,95312,821,1836,607
RETL014,retail,7,160287,120245,40042,21400,121768,48381,21493,28204,29727,9655,99616,160491,60896,99595,1523,1852,602
RETL014,retail,8,165417,125320,40097,15729,126424,21493,40081,29727,30831,10020,84696,165628,62845,102783,1104,1861,606
RETL015,retail,1,174742,136944,37798,20623,138595,46540,54689,35806,37457,7569,108397,208112,111166,96946,1651,1800,433
RETL015,retail,2,179602,139112,40490,19412,140369,54689,47225,37457,38714,9027,118934,213900,114258,99642,1257,1810,503
RETL015,retail,3,186546,143476,43070,22638,145118,47225,38848,38714,40356,8850,134116,222170,118675,103495,1642,1816,474
RETL015,retail,4,195997,153498,42499,18461,155892,38848,54088,40356,42750,9573,127015,233426,124688,108738,2394,1831,488
RETL015,retail,5,205227,160549,44678,19182,161716,54088,54121,42750,43917,8972,137409,244419,130560,113859,1167,1797,437
RETL015,retail,6,211391,162898,48493,18084,164536,54121,40219,43917,45555,9613,156373,251760,134481,117279,1638,1809,455
RETL015,retail,7,219695,170824,48871,24178,171865,40219,74854,45555,46596,11129,129070,261649,139763,121886,1041,1781,507
RETL015,retail,8,230753,177730,53023,22940,180781,74854,49329,46596,49647,10874,164969,274819,146798,128021,3051,1807,471
RETL016,retail,1,160565,126167,34398,17627,126621,64851,62182,35607,36061,11842,91325,201410,111066,90344,454,1790,738
RETL016,retail,2,163457,129501,33956,11114,129391,62182,31734,36061,35951,11191,126161,205037,113066,91971,-110,1753,685
RETL016,retail,3,170148,134399,35749,15811,137366,31734,57237,35951,38918,12279,104996,213430,117694,95736,2967,1823,722
RETL016,retail,4,175222,137143,38079,12967,136945,57237,38089,38918,38720,12955,130031,219795,121204,98591,-198,1762,739
RETL016,retail,5,181939,142371,39568,11785,144338,38089,61472,38720,40687,12896,113166,228221,125851,102370,1967,1783,709
RETL016,retail,6,186638,147194,39444,13781,147703,61472,51597,40687,41196,12669,128653,234115,129101,105014,509,1760,679
RETL016,retail,7,189459,149661,39798,18175,151006,51597,79116,41196,42541,12475,103522,237654,131053,106601,1345,1790,658
RETL016,retail,8,192896,150190,42706,19919,150103,79116,70734,42541,42454,12536,116241,241965,133430,108535,-87,1755,650
RETL017,retail,1,87777,64613,23164,10899,65322,25581,28848,15695,16404,6847,41940,94039,55629,38410,709,1744,780
RETL017,retail,2,90225,65643,24582,7518,65734,28848,18363,16404,16495,6573,55230,96661,57180,39481,91,1706,729
RETL017,retail,3,91267,67192,24075,13113,67822,18363,32435,16495,17125,6821,41397,97778,57841,39937,630,1751,747
RETL017,retail,4,91689,66537,25152,7014,66369,32435,15301,17125,16957,7200,58772,98230,58108,40122,-168,1726,785
RETL017,retail,5,91491,66556,24935,11551,66822,15301,32792,16957,17223,7167,40836,98018,57983,40035,266,1757,783
RETL017,retail,6,93122,68583,24539,6167,68794,32792,22760,17223,17434,7008,52563,99765,59016,40749,211,1748,753
RETL017,retail,7,96863,71001,25862,6913,71390,22760,13732,17434,17823,7105,65113,103773,61387,42386,389,1717,734
RETL017,retail,8,101240,73227,28013,8642,73730,13732,13055,17823,18326,7542,69539,108462,64161,44301,503,1690,745
RETL018,retail,1,89850,67233,22617,11874,68624,28912,30977,25049,26440,6568,41320,105305,64621,40684,1391,2511,731
RETL018,retail,2,89643,68325,21318,7579,67716,30977,26459,26440,25831,5811,46961,105062,64472,40590,-609,2459,648
RETL018,retail,3,91637,69071,22566,8043,69678,26459,11454,25831,26438,6538,62969,107399,65906,41493,607,2462,713
RETL018,retail,4,93156,70603,22553,10780,71152,11454,27074,26438,26987,6706,48412,109179,66998,42181,549,2472,720
RETL018,retail,5,93855,70416,23439,10417,70973,27074,22506,26987,27544,6178,53770,109998,67501,42497,557,2504,658
RETL018,retail,6,95176,72467,22709,6796,72713,22506,14722,27544,27790,6174,62861,111547,68451,43096,246,2491,649
RETL018,retail,7,98850,74991,23859,12394,75913,14722,25673,27790,28712,6632,54836,115853,71093,44760,922,2478,671
RETL018,retail,8,103984,78861,25123,8885,80118,25673,33074,28712,29969,7220,51607,121870,74786,47084,1257,2459,694
RETL019,retail,1,119542,86188,33354,13995,90157,15223,15389,23678,27647,10325,73158,126519,63650,62869,3969,2185,864
RETL019,retail,2,119090,86485,32605,9998,86620,15389,33380,27647,27782,10190,54689,126041,63410,62631,135,2204,856
RETL019,retail,3,122399,89548,32851,14537,90963,33380,32459,27782,29197,10922,56965,129543,65171,64372,1415,2254,892
RETL019,retail,4,126908,91467,35441,12303,92031,32459,16943,29197,29761,11246,76365,134315,67572,66743,564,2216,886
RETL019,retail,5,132072,96850,35222,10821,97829,16943,33450,29761,30740,11124,64467,139781,70322,69459,979,2199,842
RETL019,retail,6,137560,100022,37538,13357,101083,33450,37249,30740,31801,12052,64487,145589,73244,72345,1061,2184,876
RETL019,retail,7,143075,103871,39204,18696,105627,37249,31277,31801,33557,13298,73294,151426,76180,75246,1756,2216,929
RETL019,retail,8,148115,108632,39483,12902,110385,31277,48870,33557,35310,12808,59772,156760,78864,77896,1753,2252,865
RETL020,retail,1,24590,18033,6557,2213,18736,7559,8685,4302,5005,858,14710,29258,18139,11119,703,1711,349
RETL020,retail,2,25304,18809,6495,3003,18826,8685,9467,5005,5022,836,14783,30108,18666,11442,17,1668,330
RETL020,retail,3,26154,19217,6937,2788,19483,9467,5392,5022,5288,973,19466,31119,19293,11826,266,1699,372
RETL020,retail,4,27459,20427,7032,2532,20592,5392,6733,5288,5453,855,19631,32672,20255,12417,165,1669,311
RETL020,retail,5,28638,21026,7612,2680,21332,6733,10843,5453,5759,971,16502,34075,21125,12950,306,1690,339
RETL020,retail,6,29328,21898,7430,3631,22096,10843,9120,5759,5957,1039,18780,34896,21634,13262,198,1707,354
RETL020,retail,7,30424,22576,7848,2053,22662,9120,7273,5957,6043,909,21975,36200,22443,13757,86,1669,299
RETL020,retail,8,31467,23368,8099,3672,23734,7273,10495,6043,6409,1055,19482,37441,23212,14229,366,1712,335
RETL021,retail,1,127358,98577,28781,14903,102610,36207,41022,23868,27901,8217,59882,137022,75021,62001,4033,2036,645
RETL021,retail,2,132105,102723,29382,11355,103621,41022,45452,27901,28799,9150,58728,142129,77817,64312,898,2026,693
RETL021,retail,3,135518,104418,31100,9666,106226,45452,37795,28799,30607,8900,68499,145801,79828,65973,1808,2099,657
RETL021,retail,4,139511,107320,32191,9383,107642,37795,39702,30607,30929,8760,70706,150097,82180,67917,322,2061,628
RETL021,retail,5,146296,114684,31612,8612,116567,39702,20947,30929,32812,10150,93488,157397,86177,71220,1883,2085,694
RETL021,retail,6,153445,118767,34678,14115,119484,20947,51104,32812,33529,10504,69951,165088,90387,74701,717,2031,685
RETL021,retail,7,162105,125044,37061,14891,127560,51104,23109,33529,36045,10152,105100,174406,95489,78917,2516,2067,626
RETL021,retail,8,170569,133424,37145,12624,135299,23109,29704,36045,37920,10345,105543,183512,100475,83037,1875,2066,606
RETL022,retail,1,173051,129919,43132,11900,130967,69631,68648,56436,57484,5836,92013,223981,121883,102098,1048,2566,337
RETL022,retail,2,179666,134440,45226,12337,138183,68648,52809,57484,61227,5555,112952,232543,126542,106001,3743,2633,309
RETL022,retail,3,184712,138911,45801,15078,138760,52809,35420,61227,61076,6354,136224,239074,130096,108978,-151,2555,344
RETL022,retail,4,186646,140240,46406,21055,142565,35420,64928,61076,63401,5936,107312,241577,131458,110119,2325,2624,318
RETL022,retail,5,188775,140458,48317,12094,140816,64928,27956,63401,63759,6424,146194,244333,132957,111376,358,2610,340
RETL022,retail,6,196038,145986,50052,12820,148937,27956,69635,63759,66710,7344,110044,253733,138073,115660,2951,2629,375
RETL022,retail,7,202534,150800,51734,24594,151059,69635,73248,66710,66969,6343,115581,262141,142648,119493,259,2555,313
RETL022,retail,8,209960,157969,51991,19848,161084,73248,55028,66969,70084,8001,138640,271753,147878,123875,3115,2579,381
RETL023,retail,1,97820,73782,24038,12055,75537,33164,33166,25014,26769,6379,58963,125277,48290,76987,1755,2137,652
RETL023,retail,2,102967,77364,25603,10919,78526,33166,14688,26769,27931,6502,82747,131868,50831,81037,1162,2118,631
RETL023,retail,3,108919,82074,26845,12486,83600,14688,38810,27931,29457,7224,64000,139491,53769,85722,1526,2112,663
RETL023,retail,4,113533,85107,28426,7112,86686,38810,36789,29457,31036,7251,70324,145400,56047,89353,1579,2135,639
RETL023,retail,5,118772,89580,29192,13265,91113,36789,26066,31036,32569,7870,85605,152110,58633,93477,1533,2141,663
RETL023,retail,6,125667,94498,31169,16385,97021,26066,44184,32569,35092,8529,73135,160940,62037,98903,2523,2180,679
RETL023,retail,7,132102,100468,31634,12852,101663,44184,50981,35092,36287,8694,73219,169181,65213,103968,1195,2145,658
RETL023,retail,8,135684,102739,32945,9309,103671,50981,25110,36287,37219,8478,102962,173769,66982,106787,932,2142,625
RETL024,retail,1,22968,16649,6319,1873,17253,7835,8171,5178,5782,777,11440,26170,15544,10626,604,2209,338
RETL024,retail,2,24182,17750,6432,2534,18078,8171,9280,5782,6110,789,11374,27553,16366,11187,328,2218,326
RETL024,retail,3,24865,18002,6863,2424,18296,9280,6450,6110,6404,832,14645,28331,16828,11503,294,2260,335
RETL024,retail,4,25379,18395,6984,3051,18443,6450,6549,6404,6452,944,14972,28917,17176,11741,48,2231,372
RETL024,retail,5,26212,19123,7089,3842,19432,6549,8788,6452,6761,780,13537,29866,17740,12126,309,2264,298
RETL024,retail,6,27422,20015,7407,3545,20310,8788,4484,6761,7056,850,18854,31244,18558,12686,295,2258,310
RETL024,retail,7,28298,20671,7627,3783,20763,4484,5492,7056,7148,900,18702,32242,19151,13091,92,2217,318
RETL024,retail,8,29458,21694,7764,2877,22106,5492,9150,7148,7560,1056,15798,33564,19936,13628,412,2252,358
RETL025,retail,1,107158,77731,29427,7749,77743,39768,38739,35619,35631,5282,55554,135206,75455,59751,12,2635,493
RETL025,retail,2,113480,82117,31363,12557,83625,38739,21688,35631,37139,5643,78713,143183,79907,63276,1508,2594,497
RETL025,retail,3,120835,88279,32556,10082,90511,21688,23285,37139,39371,6149,83658,152463,85086,67377,2232,2582,509
RETL025,retail,4,127739,92662,35077,15110,95520,23285,40001,39371,42229,7323,71621,161174,89947,71227,2858,2620,573
RETL025,retail,5,132963,96808,36155,15783,98139,40001,27170,42229,43560,7721,89314,167765,93625,74140,1331,2596,581
RETL025,retail,6,137561,98668,38893,20051,100658,27170,42413,43560,45550,7433,78171,173567,96863,76704,1990,2624,540
RETL025,retail,7,142850,103938,38912,16719,104879,42413,34463,45550,46491,8296,90990,180240,100587,79653,941,2579,581
RETL025,retail,8,148369,108257,40112,19710,111125,34463,40446,46491,49359,7506,89893,187204,104474,82730,2868,2637,506
RETL026,retail,1,51763,40472,11291,3830,41464,8131,9129,7379,8371,4273,28474,50247,21524,28723,992,1666,825
RETL026,retail,2,52659,41431,11228,5769,41540,9129,6441,8371,8480,4114,32082,51117,21896,29221,109,1659,781
RETL026,retail,3,53232,41179,12053,3883,41574,6441,10624,8480,8875,4298,27876,51673,22134,29539,395,1718,807
RETL026,retail,4,53604,42135,11469,4106,41984,10624,13009,8875,8724,4273,26029,52035,22289,29746,-151,1677,797
RETL026,retail,5,54035,42286,11749,4072,42529,13009,12542,8724,8967,4470,26474,52453,22468,29985,243,1710,827
RETL026,retail,6,54465,42878,11587,4377,42927,12542,11765,8967,9016,4121,27968,52870,22647,30223,49,1705,757
RETL026,retail,7,54691,43020,11671,5072,42892,11765,10481,9016,8888,4565,29156,53090,22741,30349,-128,1674,835
RETL026,retail,8,54474,42408,12066,5738,42264,10481,11031,8888,8744,4324,28780,52879,22651,30228,-144,1654,794
RETL027,retail,1,97405,75499,21906,7654,76549,28924,29016,20173,21223,2729,73984,126952,72574,54378,1050,1672,280
RETL027,retail,2,102019,78954,23065,11663,80950,29016,42479,21223,23219,3472,63795,132965,76011,56954,1996,1746,340
RETL027,retail,3,107082,82798,24284,10721,83886,42479,34075,23219,24307,3345,77837,139564,79783,59781,1088,1742,312
RETL027,retail,4,113060,88091,24969,13447,89312,34075,26496,24307,25528,3898,91433,147355,84237,63118,1221,1732,345
RETL027,retail,5,119151,92216,26935,11368,93737,26496,40147,25528,27049,4236,83862,155294,88776,66518,1521,1742,356
RETL027,retail,6,122847,94648,28199,13782,94614,40147,36411,27049,27015,4144,92541,160111,91529,68582,-34,1687,337
RETL027,retail,7,125188,98026,27162,7525,99326,36411,47789,27015,28315,3955,83103,163162,93274,69888,1300,1735,316
RETL027,retail,8,126871,97948,28923,7967,97605,47789,40594,28315,27972,3614,93176,165356,94528,70828,-343,1692,285
RETL028,retail,1,81887,63036,18851,5213,65557,10030,9950,19852,22373,4598,49442,86363,48546,37817,2521,2591,562
RETL028,retail,2,85646,65694,19952,10614,66486,9950,27221,22373,23165,5069,34873,90328,50775,39553,792,2565,592
RETL028,retail,3,89652,68077,21575,9953,69259,27221,11280,23165,24347,5181,53745,94553,53150,41403,1182,2575,578
RETL028,retail,4,94168,71289,22879,12123,71953,11280,14931,24347,25011,5767,53606,99315,55827,43488,664,2518,612
RETL028,retail,5,98239,74425,23814,8447,76232,14931,25690,25011,26818,5320,45781,103609,58241,45368,1807,2588,542
RETL028,retail,6,100871,77392,23479,9831,77313,25690,25653,26818,26739,5489,48504,106385,59801,46584,-79,2513,544
RETL028,retail,7,104304,79269,25035,6376,80524,25653,16156,26739,27994,5800,60055,110005,61836,48169,1255,2545,556
RETL028,retail,8,106903,82271,24632,11080,82612,16156,26633,27994,28335,5821,51958,112747,63377,49370,341,2513,545
RETL029,retail,1,44760,32341,12419,5660,32668,13425,13761,13365,13692,2769,22399,52621,32770,19851,327,2602,619
RETL029,retail,2,46060,33545,12515,4145,34071,13761,9179,13692,14218,2972,27780,54149,33721,20428,526,2626,645
RETL029,retail,3,48218,34659,13559,5073,35213,9179,11283,14218,14772,3147,27484,56686,35301,21385,554,2606,653
RETL029,retail,4,49748,35906,13842,6762,36473,11283,9440,14772,15339,2958,30748,58485,36422,22063,567,2623,595
RETL029,retail,5,51655,37114,14541,7819,37686,9440,12539,15339,15911,3365,28912,60727,37818,22909,572,2620,651
RETL029,retail,6,53943,38704,15239,5748,39197,12539,10190,15911,16404,3339,33484,63417,39493,23924,493,2587,619
RETL029,retail,7,55736,40271,15465,7598,41009,10190,12648,16404,17142,3415,32320,65525,40806,24719,738,2616,613
RETL029,retail,8,57977,42177,15800,7154,42793,12648,11886,17142,17758,3441,35074,68159,42446,25713,616,2605,594
RETL030,retail,1,66330,48043,18287,10053,49450,9328,8964,14549,15956,3982,50564,79466,40466,39000,1407,2008,600
RETL030,retail,2,66737,48109,18628,8641,48594,8964,17050,15956,16441,4536,41927,79954,40715,39239,485,2056,680
RETL030,retail,3,69050,50195,18855,9968,50943,17050,13787,16441,17189,4649,47100,82725,42126,40599,748,2078,673
RETL030,retail,4,70328,50422,19906,10498,50423,13787,21022,17189,17190,4505,41539,84256,42906,41350,1,2040,641
RETL030,retail,5,71421,51506,19915,5835,51512,21022,25170,17190,17196,4339,38861,85566,43573,41993,6,2010,608
RETL030,retail,6,73529,52873,20656,10201,53550,25170,27100,17196,17873,4817,38301,88091,44858,43233,677,2029,655
RETL030,retail,7,75852,54192,21660,11039,54856,27100,17953,17873,18537,4822,49562,90874,46276,44598,664,2040,636
RETL030,retail,8,77884,56286,21598,9679,56788,17953,19335,18537,19039,5006,49929,93309,47516,45793,502,2040,643
RETL031,retail,1,186130,145207,40923,16755,148384,34000,39664,47990,51167,10211,91219,192261,92897,99364,3177,2661,549
RETL031,retail,2,191937,151472,40465,16158,153392,39664,24051,51167,53087,10029,111093,198260,95796,102464,1920,2678,523
RETL031,retail,3,194556,153782,40774,12369,154262,24051,56918,53087,53567,10086,80394,200965,97103,103862,480,2665,518
RETL031,retail,4,196224,155397,40827,15417,156967,56918,60400,53567,55137,9559,77592,202688,97936,104752,1570,2720,487
RETL031,retail,5,203077,158797,44280,24209,159368,60400,62316,55137,55708,10498,81245,209767,101356,108411,571,2656,517
RETL031,retail,6,206568,162581,43987,20165,163960,62316,34026,55708,57087,9721,112539,213373,103098,110275,1379,2675,471
RETL031,retail,7,209896,166227,43669,16578,167463,34026,28671,57087,58323,9937,119879,216810,104759,112051,1236,2690,473
RETL031,retail,8,218254,172655,45599,12444,175021,28671,32518,58323,60689,10417,121820,225444,108931,116513,2366,2692,477
RETL032,retail,1,137327,110455,26872,8493,112410,48425,46152,22487,24442,7598,57066,135258,69863,65395,1955,1807,553
RETL032,retail,2,144483,115774,28709,9225,116716,46152,16745,24442,25384,8358,91819,142306,73503,68803,942,1784,578
RETL032,retail,3,148395,118838,29557,13739,119828,16745,28649,25384,26374,8371,82766,146160,75494,70666,990,1804,564
RETL032,retail,4,154675,124392,30283,12071,125750,28649,22683,26374,27732,8731,93199,152345,78688,73657,1358,1820,564
RETL032,retail,5,158365,126419,31946,16897,126738,22683,19386,27732,28051,8921,99621,155979,80565,75414,319,1798,563
RETL032,retail,6,162944,130241,32703,9037,131035,19386,44701,28051,28845,9636,77307,160489,82895,77594,794,1797,591
RETL032,retail,7,165913,133556,32357,15821,134166,44701,53564,28845,29455,10558,69837,163414,84406,79008,610,1802,636
RETL032,retail,8,170726,136148,34578,13944,137224,53564,32515,29455,30531,10869,94239,168154,86854,81300,1076,1816,637
RETL033,retail,1,90691,67313,23378,6793,67567,18960,21021,22184,22438,3625,50439,97523,39291,58232,254,2301,400
RETL033,retail,2,92078,69162,22916,12257,69445,21021,25477,22438,22721,3648,47168,99014,39891,59123,283,2295,396
RETL033,retail,3,94202,70481,23721,8016,71379,25477,32189,22721,23619,3856,41634,101298,40812,60486,898,2332,409
RETL033,retail,4,96241,71465,24776,7395,72091,32189,24584,23619,24245,3799,50863,103491,41695,61796,626,2343,395
RETL033,retail,5,97178,72178,25000,13076,71841,24584,15683,24245,23908,3828,61079,104498,42101,62397,-337,2288,394
RETL033,retail,6,98495,73380,25115,6498,73821,15683,21269,23908,24349,3367,56930,105915,42672,63243,441,2299,342
RETL033,retail,7,101066,75414,25652,9256,75821,21269,18625,24349,24756,3734,61564,108679,43785,64894,407,2278,369
RETL033,retail,8,104789,78635,26154,10770,79893,18625,27580,24756,26014,4367,54722,112683,45398,67285,1258,2309,417
RETL034,retail,1,157666,126328,31338,14291,126867,37169,37860,37350,37889,5877,120875,202501,119029,83472,539,1871,373
RETL034,retail,2,161180,129188,31992,14832,130556,37860,59895,37889,39257,5160,102703,207015,121682,85333,1368,1896,320
RETL034,retail,3,167946,134039,33907,16318,134676,59895,50778,39257,39894,6606,118427,215705,126790,88915,637,1849,393
RETL034,retail,4,175992,141167,34825,12028,143563,50778,52156,39894,42290,6988,124605,226039,132864,93175,2396,1871,397
RETL034,retail,5,186337,147884,38453,21109,150939,52156,36702,42290,45345,6505,150773,239325,140673,98652,3055,1895,349
RETL034,retail,6,195285,155982,39303,18447,157982,36702,66133,45345,47345,7839,129501,250818,147429,103389,2000,1888,401
RETL034,retail,7,202689,161795,40894,16395,162988,66133,83576,47345,48538,6336,121877,260327,153018,107309,1193,1865,313
RETL034,retail,8,211428,167805,43623,11344,169640,83576,56554,48538,50373,7685,156939,271551,159616,111935,1835,1855,363
RETL035,retail,1,144273,109892,34381,14587,114609,45972,53195,26927,31644,4561,72768,162168,84913,77255,4717,1951,316
RETL035,retail,2,147020,112762,34258,17403,113478,53195,34564,31644,32360,4363,93969,165256,86530,78726,716,1958,297
RETL035,retail,3,151279,115928,35351,14527,116179,34564,38215,32360,32611,4677,94540,170043,89036,81007,251,1918,309
RETL035,retail,4,158520,120316,38204,18594,123268,38215,43666,32611,35563,4728,94225,178182,93298,84884,2952,1996,298
RETL035,retail,5,165684,125013,40671,19023,126112,43666,27034,35563,36662,5942,116597,186235,97515,88720,1099,1969,359
RETL035,retail,6,173486,132292,41194,11585,134431,27034,28553,36662,38801,6062,121588,195004,102106,92898,2139,1990,349
RETL035,retail,7,177482,135314,42168,17530,134870,28553,62153,38801,38357,6054,92932,199496,104458,95038,-444,1923,341
RETL035,retail,8,180502,137542,42960,12995,138255,62153,28439,38357,39070,6448,128934,202891,106236,96655,713,1926,357
RETL036,retail,1,130597,103636,26961,12396,107748,28851,33060,38498,42610,4359,83018,163047,70061,92986,4112,2613,334
RETL036,retail,2,133411,105605,27806,15092,106830,33060,42091,42610,43835,4277,76357,166560,71570,94990,1225,2632,321
RETL036,retail,3,135038,107263,27775,8764,107333,42091,49520,43835,43905,4440,70726,168591,72443,96148,70,2604,329
RETL036,retail,4,138204,109419,28785,15626,110755,49520,19598,43905,45241,4686,103019,172544,74142,98402,1336,2622,339
RETL036,retail,5,143091,111923,31168,11385,112823,19598,52444,45241,46141,4732,75328,178645,76763,101882,900,2583,331
RETL036,retail,6,148055,116084,31971,12561,118744,52444,39396,46141,48801,5867,90779,184843,79427,105416,2660,2640,396
RETL036,retail,7,154205,121873,32332,9982,124010,39396,53328,48801,50938,4866,83389,192521,82726,109795,2137,2646,316
RETL036,retail,8,158913,125883,33030,16642,126378,53328,24163,50938,51433,5825,116978,198399,85252,113147,495,2592,367
RETL037,retail,1,70222,55980,14242,5367,56556,25906,25870,20244,20820,6144,40819,93653,36660,56993,576,2223,875
RETL037,retail,2,73180,58734,14446,4529,59705,25870,11245,20820,21791,6659,57903,97598,38205,59393,971,2233,910
RETL037,retail,3,75629,60242,15387,3881,60554,11245,18476,21791,22103,6759,53526,100864,39483,61381,312,2191,894
RETL037,retail,4,78404,63365,15039,7864,64684,18476,16025,22103,23422,6581,58537,104565,40932,63633,1319,2240,839
RETL037,retail,5,82621,66145,16476,4489,66689,16025,25949,23422,23966,6860,53414,110189,43133,67056,544,2175,830
RETL037,retail,6,87303,70175,17128,7021,71868,25949,29607,23966,25659,7706,53461,116433,45578,70855,1693,2204,883
RETL037,retail,7,91220,72870,18350,4655,74559,29607,16230,25659,27348,7833,70246,121657,47623,74034,1689,2248,859
RETL037,retail,8,94965,76423,18542,7530,77488,16230,34977,27348,28413,8418,54844,126652,49578,77074,1065,2243,886
RETL038,retail,1,131542,103047,28495,12411,109585,25018,26055,39779,46317,4037,97740,174149,73038,101111,6538,2660,307
RETL038,retail,2,134841,104888,29953,8403,106072,26055,54585,46317,47501,4637,71793,178516,74869,103647,1184,2661,344
RETL038,retail,3,136157,106494,29663,7578,106958,54585,20279,47501,47965,3525,108490,180259,75600,104659,464,2661,259
RETL038,retail,4,138649,107694,30955,13019,107525,20279,29100,47965,47796,3664,102998,183558,76984,106574,-169,2604,264
RETL038,retail,5,143112,110845,32267,13096,113352,29100,53681,47796,50303,4859,80623,189466,79462,110004,2507,2655,340
RETL038,retail,6,145778,114965,30813,15953,115732,53681,49394,50303,51070,3747,88785,192996,80942,112054,767,2646,257
RETL038,retail,7,151794,119113,32681,10551,120948,49394,44729,51070,52905,4949,98378,200961,84283,116678,1835,2633,326
RETL038,retail,8,158342,122567,35775,14045,125282,44729,48940,52905,55620,4175,100894,209629,87918,121711,2715,2653,264
RETL039,retail,1,41389,32991,8398,4358,34517,9956,10892,8924,10450,1821,24634,47797,28373,19424,1526,2186,440
RETL039,retail,2,42310,33520,8790,2997,33798,10892,7059,10450,10728,2166,28907,48860,29004,19856,278,2196,512
RETL039,retail,3,43756,34589,9167,3719,34697,7059,12983,10728,10836,2172,24539,50530,29996,20534,108,2144,496
RETL039,retail,4,44932,35621,9311,2766,35903,12983,14780,10836,11118,2229,23761,51888,30802,21086,282,2143,496
RETL039,retail,5,46731,36817,9914,3871,37193,14780,13271,11118,11494,2092,27109,53966,32035,21931,376,2130,448
RETL039,retail,6,49198,39053,10145,3666,40049,13271,6988,11494,12490,2149,35188,56815,33727,23088,996,2198,437
RETL039,retail,7,51824,41324,10500,4309,41695,6988,6847,12490,12861,2580,37559,59847,35527,24320,371,2149,498
RETL039,retail,8,53074,42015,11059,4800,42348,6847,10002,12861,13194,2327,35768,61291,36384,24907,333,2153,438
RETL040,retail,1,44859,33432,11427,4831,34080,12549,13986,9342,9990,1791,21099,46866,29603,17263,648,2132,399
RETL040,retail,2,45529,34369,11160,5729,34217,13986,15222,9990,9838,1792,20714,47566,30045,17521,-152,2068,394
RETL040,retail,3,45773,34438,11335,4720,34621,15222,5606,9838,10021,1881,30313,47821,30206,17615,183,2096,411
RETL040,retail,4,47096,35045,12051,4922,35442,5606,9203,10021,10418,2016,27566,49203,31079,18124,397,2117,428
RETL040,retail,5,47817,35880,11937,4492,35797,9203,10290,10418,10335,2125,27207,49957,31555,18402,-83,2069,444
RETL040,retail,6,48499,36093,12406,3718,36293,10290,13313,10335,10535,1829,24992,50669,32005,18664,200,2079,377
RETL040,retail,7,50450,38137,12313,5472,38868,13313,6401,10535,11266,1967,33073,52707,33292,19415,731,2137,390
RETL040,retail,8,52265,39158,13107,6534,39403,6401,18116,11266,11511,2017,22960,54604,34490,20114,245,2108,386
MANU001,manufacturing,1,47601,33869,13732,5595,34077,16574,19019,9077,9285,10021,23355,61680,34636,27044,208,1505,2105
MANU001,manufacturing,2,49066,34718,14348,7272,35101,19019,16627,9285,9668,10291,26993,63579,35702,27877,383,1521,2097
MANU001,manufacturing,3,49617,35031,14586,4218,35211,16627,11866,9668,9848,10373,32206,64293,36103,28190,180,1532,2091
MANU001,manufacturing,4,50371,35779,14592,6226,36001,11866,13654,9848,10070,10390,31156,65270,36652,28618,222,1543,2063
MANU001,manufacturing,5,52196,37130,15066,5716,37148,13654,11212,10070,10088,10745,35590,67635,37980,29655,18,1492,2059
MANU001,manufacturing,6,54506,38665,15841,7636,39094,11212,19759,10088,10517,11344,29008,70628,39661,30967,429,1489,2081
MANU001,manufacturing,7,57116,40231,16885,5408,41113,19759,15893,10517,11399,12193,34525,74010,41560,32450,882,1540,2135
MANU001,manufacturing,8,60061,42537,17524,7026,43082,15893,9435,11399,11944,12582,43865,77826,43703,34123,545,1535,2095
MANU002,manufacturing,1,64424,43711,20713,11268,44914,14510,16002,9524,10727,8212,27516,62457,39454,23003,1203,1718,1275
MANU002,manufacturing,2,66386,44841,21545,7005,44986,16002,16633,10727,10872,8994,27860,64359,40656,23703,145,1689,1355
MANU002,manufacturing,3,69112,46637,22475,12295,47096,16633,10308,10872,11331,9402,35961,67002,42325,24677,459,1691,1360
MANU002,manufacturing,4,71019,47822,23197,11054,48209,10308,7660,11331,11718,9601,39872,68851,43493,25358,387,1702,1352
MANU002,manufacturing,5,73201,49570,23631,7062,50011,7660,12599,11718,12159,10211,35997,70966,44829,26137,441,1713,1395
MANU002,manufacturing,6,76449,52241,24208,9605,53088,12599,8917,12159,13006,9446,42746,74115,46819,27296,847,1755,1236
MANU002,manufacturing,7,79946,53863,26083,11779,54475,8917,20013,13006,13618,11320,32554,77505,48960,28545,612,1757,1416
MANU002,manufacturing,8,83117,55837,27280,8747,56245,20013,16430,13618,14026,11607,38516,80579,50902,29677,408,1741,1396
MANU003,manufacturing,1,147036,98774,48262,26350,99760,40975,44813,17890,18876,21882,79675,165246,97345,67901,986,1142,1488
MANU003,manufacturing,2,152655,102987,49668,25293,102999,44813,31294,18876,18888,22872,98506,171560,101065,70495,12,1101,1498
MANU003,manufacturing,3,159057,106672,52385,15234,107774,31294,43164,18888,19990,21647,93954,178755,105303,73452,1102,1118,1361
MANU003,manufacturing,4,164629,110290,54339,23995,110831,43164,58756,19990,20531,24552,81178,185017,108992,76025,541,1110,1491
MANU003,manufacturing,5,167491,111910,55581,17149,113222,58756,32922,20531,21843,22943,110526,188234,110887,77347,1312,1160,1370
MANU003,manufacturing,6,169727,113881,55846,24827,113374,32922,24283,21843,21336,23047,122081,190747,112367,78380,-507,1119,1358
MANU003,manufacturing,7,172039,114765,57274,17766,114823,24283,22356,21336,21394,23187,126408,193345,113898,79447,58,1107,1348
MANU003,manufacturing,8,175330,118786,56544,29715,119348,22356,31909,21394,21956,26345,116834,197044,116077,80967,562,1114,1503
MANU004,manufacturing,1,123357,88666,34691,14650,90851,29580,28627,15068,17253,25717,51821,123418,74687,48731,2185,1398,2085
MANU004,manufacturing,2,126465,92493,33972,16757,92621,28627,20678,17253,17381,27127,61342,126528,76569,49959,128,1374,2145
MANU004,manufacturing,3,131791,95986,35805,9326,96273,20678,20200,17381,17668,28000,65988,131856,79793,52063,287,1340,2125
MANU004,manufacturing,4,137546,100467,37079,10132,101188,20200,37314,17668,18389,28744,53167,137614,83278,54336,721,1336,2090
MANU004,manufacturing,5,145244,106312,38932,21377,108095,37314,23664,18389,20172,32109,69371,145316,87939,57377,1783,1388,2211
MANU004,manufacturing,6,150618,109266,41352,16189,110129,23664,21530,20172,21035,33272,74856,150693,91193,59500,863,1396,2209
MANU004,manufacturing,7,157137,112986,44151,16339,113322,21530,29743,21035,21371,34523,71578,157215,95139,62076,336,1359,2197
MANU004,manufacturing,8,163260,117594,45666,16106,119181,29743,27583,21371,22958,35136,77664,163341,98847,64494,1587,1406,2152
MANU005,manufacturing,1,72766,54695,18071,7591,55792,13547,13994,7977,9074,9707,41224,73999,40182,33817,1097,1226,1334
MANU005,manufacturing,2,75737,57046,18691,6172,57314,13994,19396,9074,9342,9561,38721,77020,41822,35198,268,1213,1262
MANU005,manufacturing,3,77199,57915,19284,8322,58320,19396,16231,9342,9747,9307,43222,78507,42630,35877,405,1242,1206
MANU005,manufacturing,4,78453,58129,20324,10625,57993,16231,22707,9747,9611,9423,38041,79782,43322,36460,-136,1205,1201
MANU005,manufacturing,5,80730,60935,19795,6192,61075,22707,13497,9611,9751,10345,48505,82098,44580,37518,140,1188,1281
MANU005,manufacturing,6,84005,63089,20916,8010,63444,13497,21975,9751,10106,9753,43594,85428,46388,39040,355,1183,1161
MANU005,manufacturing,7,88298,66561,21737,7809,67167,21975,20032,10106,10712,11123,47927,89794,48759,41035,606,1193,1260
MANU005,manufacturing,8,93563,69880,23683,6384,70685,20032,30498,10712,11517,12646,40487,95148,51666,43482,805,1210,1352
MANU006,manufacturing,1,83489,58331,25158,11151,59504,8784,9351,11798,12971,19188,52445,93955,52963,40992,1173,1381,2298
MANU006,manufacturing,2,84821,59933,24888,8280,60305,9351,22075,12971,13343,18429,41607,95454,53808,41646,372,1398,2173
MANU006,manufacturing,3,86002,59498,26504,14314,60060,22075,25989,13343,13905,19552,37337,96783,54557,42226,562,1437,2273
MANU006,manufacturing,4,87129,60624,26505,10531,60195,25989,10015,13905,13476,19981,54580,98052,55272,42780,-429,1374,2293
MANU006,manufacturing,5,88073,60990,27083,8294,61277,10015,19400,13476,13763,19311,46640,99114,55871,43243,287,1389,2193
MANU006,manufacturing,6,90910,63242,27668,7299,63785,19400,19643,13763,14306,19983,48375,102307,57671,44636,543,1398,2198
MANU006,manufacturing,7,94902,66062,28840,10984,66666,19643,22755,14306,14910,21593,47541,106799,60203,46596,604,1396,2275
MANU006,manufacturing,8,98608,68719,29889,11310,69389,22755,11186,14910,15580,23118,61086,110970,62554,48416,670,1404,2344
MANU007,manufacturing,1,89572,65478,24094,7317,66834,31600,30626,14069,15425,15936,48708,110695,62332,48363,1356,1393,1779
MANU007,manufacturing,2,93126,68679,24447,8548,69540,30626,32475,15425,16286,17198,49128,115087,64805,50282,861,1415,1847
MANU007,manufacturing,3,94873,70405,24468,12569,70186,32475,23522,16286,16067,16412,61245,117246,66021,51225,-219,1370,1730
MANU007,manufacturing,4,96225,70764,25461,7419,71252,23522,29627,16067,16555,16926,55809,118917,66962,51955,488,1392,1759
MANU007,manufacturing,5,96804,70654,26150,12857,70569,29627,16002,16555,16470,17860,69300,119632,67365,52267,-85,1377,1845
MANU007,manufacturing,6,96715,70319,26396,6783,70553,16002,19897,16470,16704,17648,65273,119522,67303,52219,234,1398,1825
MANU007,manufacturing,7,97843,71239,26604,11936,71249,19897,15886,16704,16714,18137,70179,120916,68088,52828,10,1382,1854
MANU007,manufacturing,8,98893,73029,25864,9829,73375,15886,19455,16714,17060,18055,67644,122214,68819,53395,346,1396,1826
MANU008,manufacturing,1,89847,60801,29046,12513,62138,26487,25991,12177,13514,16105,37719,93329,41949,51380,1337,1448,1792
MANU008,manufacturing,2,90773,60946,29827,9470,61269,25991,14858,13514,13837,17003,48593,94291,42382,51909,323,1467,1873
MANU008,manufacturing,3,92214,62543,29671,9384,62992,14858,19680,13837,14286,16316,45506,95788,43055,52733,449,1491,1769
MANU008,manufacturing,4,95633,64060,31573,9597,64436,19680,28171,14286,14662,16553,39954,99340,44651,54689,376,1476,1731
MANU008,manufacturing,5,99712,67144,32568,14810,68085,28171,15276,14662,15603,16926,55772,103577,46556,57021,941,1506,1697
MANU008,manufacturing,6,101946,68822,33124,11500,68754,15276,28160,15603,15535,18976,43226,105897,47599,58298,-68,1467,1861
MANU008,manufacturing,7,105555,70917,34638,12709,71935,28160,14786,15535,16553,18522,59785,109646,49284,60362,1018,1510,1755
MANU008,manufacturing,8,108117,72272,35845,11285,72273,14786,22731,16553,16554,18828,54195,112308,50480,61828,1,1474,1741
MANU009,manufacturing,1,100021,67752,32269,14182,69597,31683,36812,13302,15147,21046,53524,126529,72089,54440,1845,1197,2104
MANU009,manufacturing,2,103875,68983,34892,14953,69743,36812,35984,15147,15907,22015,57498,131404,74867,56537,760,1211,2119
MANU009,manufacturing,3,108169,72341,35828,11514,72666,35984,43445,15907,16232,22798,54361,136836,77962,58874,325,1186,2108
MANU009,manufacturing,4,110972,75022,35950,12880,76151,43445,36708,16232,17361,22282,64031,140382,79982,60400,1129,1237,2008
MANU009,manufacturing,5,112514,76204,36310,11645,76022,36708,15668,17361,17179,22593,86893,142333,81094,61239,-182,1207,2008
MANU009,manufacturing,6,114220,77069,37151,16272,76803,15668,17771,17179,16913,23798,86009,144491,82323,62168,-266,1171,2084
MANU009,manufacturing,7,115793,77103,38690,15071,77982,17771,22321,16913,17792,23641,82727,146481,83457,63024,879,1215,2042
MANU009,manufacturing,8,119585,79549,40036,13741,80529,22321,21511,17792,18772,23965,87030,151278,86190,65088,980,1241,2004
MANU010,manufacturing,1,40602,29208,11394,4884,29997,7402,7839,5984,6773,7636,31256,53504,32698,20806,789,1266,1881
MANU010,manufacturing,2,40861,29551,11310,5429,29385,7839,7860,6773,6607,7936,31442,53845,32906,20939,-166,1227,1942
MANU010,manufacturing,3,40762,29594,11168,5144,29816,7860,10557,6607,6829,7907,28421,53714,32826,20888,222,1271,1940
MANU010,manufacturing,4,40760,29533,11227,3470,29288,10557,9296,6829,6584,7968,29864,53712,32825,20887,-245,1226,1955
MANU010,manufacturing,5,41258,29923,11335,5960,30176,9296,15960,6584,6837,7828,23743,54368,33226,21142,253,1258,1897
MANU010,manufacturing,6,42682,30859,11823,4498,31111,15960,10090,6837,7089,8244,30822,56245,34373,21872,252,1260,1931
MANU010,manufacturing,7,44235,32409,11826,3121,32374,10090,13059,7089,7054,8759,29419,58291,35624,22667,-35,1210,1980
MANU010,manufacturing,8,45935,33528,12407,6394,34229,13059,16781,7054,7755,8488,27507,60531,36992,23539,701,1281,1848
MANU011,manufacturing,1,68723,50059,18664,5929,50720,14780,16910,6964,7625,11171,36337,72043,25958,46085,661,1058,1626
MANU011,manufacturing,2,70987,52339,18648,8033,52823,16910,9229,7625,8109,10928,46151,74417,26813,47604,484,1090,1539
MANU011,manufacturing,3,72301,53439,18862,9932,53439,9229,17364,8109,8109,10545,39776,75794,27309,48485,0,1070,1458
MANU011,manufacturing,4,74329,54705,19624,6639,54916,17364,14737,8109,8320,11373,43490,77920,28075,49845,211,1068,1530
MANU011,manufacturing,5,76331,55997,20334,8060,56674,14737,11646,8320,8997,11252,48124,80019,28832,51187,677,1124,1474
MANU011,manufacturing,6,78023,56974,21049,7894,56644,11646,10105,8997,8667,12060,50961,81793,29471,52322,-330,1060,1546
MANU011,manufacturing,7,81348,59798,21550,11448,60583,10105,15063,8667,9452,12306,48457,85278,30727,54551,785,1108,1513
MANU011,manufacturing,8,84119,61370,22749,12477,61381,15063,20927,9452,9463,12638,45155,88183,31773,56410,11,1073,1502
MANU012,manufacturing,1,131346,88468,42878,12838,91032,31547,31009,21443,24007,28024,71331,154371,86066,68305,2564,1555,2134
MANU012,manufacturing,2,131306,88446,42860,12216,88350,31009,43272,24007,23911,29291,57850,154324,86039,68285,-96,1549,2231
MANU012,manufacturing,3,133390,89520,43870,19162,89022,43272,25355,23911,23413,28609,79397,156774,87405,69369,-498,1493,2145
MANU012,manufacturing,4,135896,91663,44233,16890,92740,25355,22987,23413,24490,27884,84358,159719,89047,70672,1077,1533,2052
MANU012,manufacturing,5,141324,94370,46954,14830,95012,22987,32733,24490,25132,29375,78858,166098,92604,73494,642,1513,2079
MANU012,manufacturing,6,148524,100310,48214,15343,101250,32733,47542,25132,26072,30469,70478,174561,97322,77239,940,1494,2051
MANU012,manufacturing,7,155568,104911,50657,17697,106532,47542,48244,26072,27693,34682,72220,182839,101937,80902,1621,1515,2229
MANU012,manufacturing,8,164325,111026,53299,23853,113474,48244,22666,27693,30141,34490,105835,193132,107676,85456,2448,1561,2099
MANU013,manufacturing,1,15503,10954,4549,1309,11128,4371,4385,1810,1984,2036,8337,16742,7951,8791,174,1185,1313
MANU013,manufacturing,2,15860,11093,4767,2216,11020,4385,4500,1984,1911,1890,8826,17127,8134,8993,-73,1116,1192
MANU013,manufacturing,3,16484,11714,4770,1467,11796,4500,2108,1911,1993,1871,11829,17801,8454,9347,82,1120,1135
MANU013,manufacturing,4,17073,12001,5072,1273,12143,2108,5018,1993,2135,2053,9231,18437,8756,9681,142,1158,1202
MANU013,manufacturing,5,17340,12095,5245,2719,12034,5018,4670,2135,2074,2135,9846,18725,8893,9832,-61,1108,1231
MANU013,manufacturing,6,17786,12459,5327,2739,12527,4670,6556,2074,2142,2242,8267,19207,9122,10085,68,1115,1261
MANU013,manufacturing,7,18233,12870,5363,1755,13024,6556,3054,2142,2296,2250,12090,19690,9351,10339,154,1166,1234
MANU013,manufacturing,8,18486,13015,5471,1453,12953,3054,6709,2296,2234,2088,8932,19963,9481,10482,-62,1119,1130
MANU014,manufacturing,1,48089,36371,11718,3959,37221,8704,9046,5608,6458,7689,41010,64203,24713,39490,850,1006,1599
MANU014,manufacturing,2,48594,37022,11572,3371,37144,9046,7587,6458,6580,8163,42547,64877,24973,39904,122,1014,1680
MANU014,manufacturing,3,48888,37142,11746,4367,37349,7587,13523,6580,6787,8675,36284,65269,25124,40145,207,1040,1774
MANU014,manufacturing,4,50067,37725,12342,4706,37559,13523,16658,6787,6621,8076,35488,66843,25729,41114,-166,991,1613
MANU014,manufacturing,5,50668,38448,12220,4744,38594,16658,18178,6621,6767,8328,34373,67646,26039,41607,146,1000,1644
MANU014,manufacturing,6,51661,39277,12384,4877,39297,18178,8957,6767,6787,9071,44156,68971,26549,42422,20,984,1756
MANU014,manufacturing,7,52388,39325,13063,5625,39784,8957,14796,6787,7246,9255,38645,69942,26922,43020,459,1036,1767
MANU014,manufacturing,8,53306,40534,12772,3786,40604,14796,22757,7246,7316,9107,31988,71168,27394,43774,70,1028,1708
MANU015,manufacturing,1,132431,94171,38260,13948,94821,43428,43693,17151,17801,21393,91496,174383,87660,86723,650,1021,1615
MANU015,manufacturing,2,136872,97644,39228,21413,98432,43693,37170,17801,18589,20585,103887,180231,90600,89631,788,1031,1504
MANU015,manufacturing,3,139625,100991,38634,13218,101110,37170,47700,18589,18708,21704,95744,183856,92422,91434,119,1018,1554
MANU015,manufacturing,4,142048,101980,40068,19181,102421,47700,47293,18708,19149,22402,98202,187046,94026,93020,441,1024,1577
MANU015,manufacturing,5,148023,106760,41263,17174,106630,47293,51522,19149,19019,21641,102732,194914,97981,96933,-130,976,1462
MANU015,manufacturing,6,154874,111468,43406,23856,111940,51522,38169,19019,19491,24314,121961,203935,102516,101419,472,956,1570
MANU015,manufacturing,7,159075,114628,44447,15738,115849,38169,56340,19491,20712,23760,108655,209467,105297,104170,1221,989,1494
MANU015,manufacturing,8,162586,116861,45725,17013,116658,56340,41522,20712,20509,26453,125606,214090,107621,106469,-203,958,1627
MANU016,manufacturing,1,20556,15356,5200,2495,15477,2599,2946,3020,3141,4431,10205,20723,12413,8310,121,1516,2156
MANU016,manufacturing,2,21131,15834,5297,2642,15966,2946,3110,3141,3273,4691,10228,21302,12760,8542,132,1536,2220
MANU016,manufacturing,3,21604,16442,5162,1752,16545,3110,2331,3273,3376,4760,11312,21779,13046,8733,103,1550,2203
MANU016,manufacturing,4,22347,16755,5592,2930,16835,2331,5383,3376,3456,4754,8935,22528,13495,9033,80,1534,2127
MANU016,manufacturing,5,23217,17444,5773,2475,17623,5383,3986,3456,3635,5275,10509,23405,14020,9385,179,1553,2272
MANU016,manufacturing,6,23911,17901,6010,1759,17960,3986,6463,3635,3694,5026,8922,24105,14439,9666,59,1532,2102
MANU016,manufacturing,7,24995,18659,6336,3158,18782,6463,3860,3694,3817,5607,11914,25198,15094,10104,123,1515,2243
MANU016,manufacturing,8,25620,19108,6512,2898,19122,3860,5795,3817,3831,5652,10550,25828,15471,10357,14,1483,2206
MANU017,manufacturing,1,126920,93508,33412,9215,96031,27416,26462,18265,20788,18600,65848,131698,58595,73103,2523,1578,1465
MANU017,manufacturing,2,132337,97078,35259,13403,98779,26462,26329,20788,22489,18559,69942,137319,61096,76223,1701,1638,1402
MANU017,manufacturing,3,136319,100134,36185,16448,100482,26329,21173,22489,22837,17965,79476,141451,62935,78516,348,1614,1318
MANU017,manufacturing,4,139785,103081,36704,13081,103504,21173,20189,22837,23260,20346,81252,145047,64535,80512,423,1604,1456
MANU017,manufacturing,5,142066,103236,38830,13566,103280,20189,21344,23260,23304,20807,81959,147414,65588,81826,44,1581,1465
MANU017,manufacturing,6,146453,107243,39210,11541,107675,21344,27199,23304,23736,21992,79039,151966,67613,84353,432,1562,1502
MANU017,manufacturing,7,150249,109973,40276,21336,111529,27199,38133,23736,25292,19696,72784,155905,69366,86539,1556,1622,1311
MANU017,manufacturing,8,157097,114161,42936,15336,115499,38133,32224,25292,26630,22463,81694,163011,72527,90484,1338,1634,1430
MANU018,manufacturing,1,27399,18767,8632,4278,18947,9830,10873,4402,4582,5727,13943,35125,20472,14653,180,1304,2090
MANU018,manufacturing,2,29017,19784,9233,2324,20176,10873,8501,4582,4974,5853,17872,37200,21681,15519,392,1337,2017
MANU018,manufacturing,3,30681,21006,9675,2936,21416,8501,9526,4974,5384,6241,18182,39333,22924,16409,410,1369,2034
MANU018,manufacturing,4,31726,21778,9948,2804,21881,9526,10787,5384,5487,6187,18212,40673,23705,16968,103,1349,1950
MANU018,manufacturing,5,32191,21713,10478,4249,21830,10787,5257,5487,5604,6297,24111,41269,24053,17216,117,1358,1956
MANU018,manufacturing,6,33031,22674,10357,4711,22871,5257,5662,5604,5801,6506,24377,42346,24680,17666,197,1370,1970
MANU018,manufacturing,7,33561,22830,10731,2766,22795,5662,4521,5801,5766,7141,25597,43025,25076,17949,-35,1340,2128
MANU018,manufacturing,8,34086,23233,10853,5580,23432,4521,5893,5766,5965,7194,24646,43698,25468,18230,199,1365,2111
MANU019,manufacturing,1,104537,74788,29749,7647,76813,14477,15217,16090,18115,15538,60356,109226,60013,49213,2025,1658,1486
MANU019,manufacturing,2,107410,76198,31212,9381,76615,15217,20955,18115,18532,16086,56655,112228,61663,50565,417,1651,1498
MANU019,manufacturing,3,111699,79302,32397,12649,79320,20955,20109,18532,18550,17119,60931,116709,64125,52584,18,1589,1533
MANU019,manufacturing,4,113974,80207,33767,9917,80656,20109,26778,18550,18999,16682,56628,119087,65431,53656,449,1595,1464
MANU019,manufacturing,5,116477,83332,33145,11087,83996,26778,35609,18999,19663,18169,48261,121702,66868,54834,664,1616,1560
MANU019,manufacturing,6,118508,84882,33626,11868,85745,35609,34000,19663,20526,18810,50488,123824,68034,55790,863,1658,1587
MANU019,manufacturing,7,121258,86563,34695,11774,86923,34000,28787,20526,20886,19105,57919,126697,69613,57084,360,1648,1576
MANU019,manufacturing,8,123769,89041,34728,14917,89600,28787,29327,20886,21445,18999,59550,129321,71054,58267,559,1658,1535
MANU020,manufacturing,1,98925,69286,29639,13297,69548,18499,20183,14190,14452,22269,63623,120527,61789,58738,262,1199,2251
MANU020,manufacturing,2,101812,71169,30643,8591,72166,20183,17264,14452,15449,23301,68031,124045,63593,60452,997,1245,2289
MANU020,manufacturing,3,106578,74334,32244,9939,74779,17264,37243,15449,15894,23949,52765,129851,66569,63282,445,1224,2247
MANU020,manufacturing,4,109350,76667,32683,11367,76909,37243,17144,15894,16136,26118,73831,133229,68301,64928,242,1211,2388
MANU020,manufacturing,5,114478,79057,35421,16275,80203,17144,25238,16136,17282,27089,69867,139476,71503,67973,1146,1239,2366
MANU020,manufacturing,6,118269,81599,36670,15423,82017,25238,23347,17282,17700,28456,74592,144095,73871,70224,418,1228,2406
MANU020,manufacturing,7,121988,84367,37621,16003,84579,23347,15551,17700,17912,28961,86202,148626,76194,72432,212,1205,2374
MANU020,manufacturing,8,126095,87167,38928,16441,88371,15551,30867,17912,19116,28985,74662,153630,78760,74870,1204,1244,2299
MANU021,manufacturing,1,137906,95751,42155,11135,96454,26326,26854,15500,16203,31285,86901,161243,78068,83175,703,1005,2269
MANU021,manufacturing,2,140548,98419,42129,18186,98745,26854,19718,16203,16529,32240,95845,164332,79564,84768,326,1006,2294
MANU021,manufacturing,3,143529,100312,43217,10939,100932,19718,39339,16529,17149,32289,79041,167818,81252,86566,620,1022,2250
MANU021,manufacturing,4,148426,102649,45777,17230,102426,39339,25318,17149,16926,32468,98831,173543,84023,89520,-223,975,2187
MANU021,manufacturing,5,152775,107362,45413,14931,107935,25318,46007,16926,17499,34534,80588,178628,86485,92143,573,980,2260
MANU021,manufacturing,6,154533,107382,47151,22877,107986,46007,33425,17499,18103,35328,93828,180684,87481,93203,604,1002,2286
MANU021,manufacturing,7,158212,110787,47425,18040,111497,33425,27091,18103,18813,33905,105176,184985,89563,95422,710,1017,2143
MANU021,manufacturing,8,164798,114826,49972,16822,115625,27091,28856,18813,19612,36236,107982,192686,93292,99394,799,1018,2199
MANU022,manufacturing,1,115808,75550,40258,13170,75895,32631,32103,20959,21304,15624,60374,129405,82261,47144,345,1646,1349
MANU022,manufacturing,2,119934,76824,43110,17450,77746,32103,40413,21304,22226,15828,55549,134016,85192,48824,922,1658,1320
MANU022,manufacturing,3,122330,78928,43402,22147,79801,40413,25637,22226,23099,15706,72251,136693,86894,49799,873,1690,1284
MANU022,manufacturing,4,123665,79778,43887,11891,79661,25637,20901,23099,22982,15000,79302,138185,87843,50342,-117,1663,1213
MANU022,manufacturing,5,127291,81490,45801,18793,82307,20901,41794,22982,23799,15670,60974,142237,90418,51819,817,1673,1231
MANU022,manufacturing,6,132328,85987,46341,23459,86429,41794,17480,23799,24241,18394,87750,147865,93996,53869,442,1639,1390
MANU022,manufacturing,7,138772,90604,48168,19792,91710,17480,30406,24241,25347,18896,80417,155066,98574,56492,1106,1635,1362
MANU022,manufacturing,8,146733,94060,52673,25372,95506,30406,37064,25347,26793,19561,80543,163961,104228,59733,1446,1634,1333
MANU023,manufacturing,1,41770,26883,14887,4028,27025,16027,15616,8354,8496,4962,24412,53486,19304,34182,142,1588,1188
MANU023,manufacturing,2,42671,27312,15359,5109,27558,15616,16898,8496,8742,5269,23731,54640,19720,34920,246,1600,1235
MANU023,manufacturing,3,44044,27786,16258,7053,27729,16898,14612,8742,8685,6014,27087,56398,20354,36044,-57,1540,1365
MANU023,manufacturing,4,46152,29497,16655,8100,30179,14612,18321,8685,9367,6014,25396,59098,21329,37769,682,1585,1303
MANU023,manufacturing,5,48363,31152,17211,9304,31335,18321,20151,9367,9550,6605,25623,61929,22351,39578,183,1542,1366
MANU023,manufacturing,6,49438,31595,17843,4921,32099,20151,15543,9550,10054,6553,31155,63305,22847,40458,504,1588,1325
MANU023,manufacturing,7,49984,31856,18128,4967,31701,15543,20393,10054,9899,5926,27786,64004,23100,40904,-155,1547,1186
MANU023,manufacturing,8,51405,32401,19004,6794,32804,20393,16429,9899,10302,6465,32628,65824,23756,42068,403,1565,1258
MANU024,manufacturing,1,133239,96824,36415,17012,99952,41597,39659,19729,22857,28265,48736,139517,68703,70814,3128,1638,2121
MANU024,manufacturing,2,135723,96830,38893,19982,96728,39659,35519,22857,22755,29304,54540,142118,69984,72134,-102,1601,2159
MANU024,manufacturing,3,140563,101190,39373,11408,102680,35519,17085,22755,24245,30217,75639,147186,72479,74707,1490,1647,2150
MANU024,manufacturing,4,146786,105288,41498,18586,105992,17085,25960,24245,24949,32191,70603,153703,75689,78014,704,1623,2193
MANU024,manufacturing,5,151941,109035,42906,17275,110218,25960,37061,24949,26132,32279,63629,159101,78347,80754,1183,1642,2124
MANU024,manufacturing,6,158213,112966,45247,18286,113120,37061,18132,26132,26286,34215,87035,165668,81581,84087,154,1587,2163
MANU024,manufacturing,7,165163,118229,46934,15961,120021,18132,22957,26286,28078,35846,86065,172946,85164,87782,1792,1624,2170
MANU024,manufacturing,8,170513,122895,47618,22203,124051,22957,22672,28078,29234,37184,89458,178548,87923,90625,1156,1637,2181
MANU025,manufacturing,1,48503,34952,13551,5622,35775,15891,16683,5250,6073,9724,23791,56271,23537,32734,823,1079,2005
MANU025,manufacturing,2,50205,36259,13946,4619,36492,16683,13512,6073,6306,9743,28685,58246,24364,33882,233,1083,1941
MANU025,manufacturing,3,51789,36831,14958,4189,37302,13512,16725,6306,6777,9933,26648,60083,25132,34951,471,1128,1918
MANU025,manufacturing,4,54416,38721,15695,4128,38601,16725,18228,6777,6657,10471,27775,63131,26407,36724,-120,1054,1924
MANU025,manufacturing,5,56902,40809,16093,6928,41393,18228,7613,6657,7241,10951,40210,66015,27613,38402,584,1097,1925
MANU025,manufacturing,6,59477,42445,17032,8480,42839,7613,18170,7241,7635,11541,31657,69003,28863,40140,394,1106,1940
MANU025,manufacturing,7,60921,44001,16920,4836,44166,18170,10042,7635,7800,11770,41066,70678,29564,41114,165,1104,1932
MANU025,manufacturing,8,61725,44303,17422,8079,44389,10042,12170,7800,7886,11785,39770,71611,29954,41657,86,1101,1909
MANU026,manufacturing,1,144575,105535,39040,21079,106741,36492,35795,18338,19544,29048,81441,165828,104178,61650,1206,1179,2009
MANU026,manufacturing,2,144934,104362,40572,16584,103445,35795,19578,19544,18627,31312,96722,166239,104437,61802,-917,1120,2160
MANU026,manufacturing,3,148821,108946,39875,15530,109475,19578,49531,18627,19156,32023,69988,170698,107238,63460,529,1122,2152
MANU026,manufacturing,4,153808,111130,42678,22976,111989,49531,22743,19156,20015,31054,102606,176418,110831,65587,859,1135,2019
MANU026,manufacturing,5,158924,115718,43206,21144,116343,22743,49080,20015,20640,33551,79015,182286,114518,67768,625,1132,2111
MANU026,manufacturing,6,166348,121070,45278,21464,122342,49080,32667,20640,21912,33172,103050,190801,119867,70934,1272,1148,1994
MANU026,manufacturing,7,173415,126556,46859,24050,128049,32667,22621,21912,23405,37383,115498,198907,124960,73947,1493,1177,2156
MANU026,manufacturing,8,183333,133564,49769,16437,134045,22621,47041,23405,23886,37439,101917,210283,132106,78177,481,1136,2042
MANU027,manufacturing,1,127864,93183,34681,9264,94175,28824,29400,18893,19885,24161,83455,156901,74307,82594,992,1267,1890
MANU027,manufacturing,2,129296,94972,34324,13011,95729,29400,39076,19885,20642,23866,75075,158659,75139,83520,757,1301,1846
MANU027,manufacturing,3,131954,97728,34226,8705,98424,39076,22722,20642,21338,25051,92809,161920,76684,85236,696,1318,1898
MANU027,manufacturing,4,135153,99589,35564,17136,100142,22722,27955,21338,21891,25474,90526,165846,78543,87303,553,1320,1885
MANU027,manufacturing,5,139393,101623,37770,15510,101887,27955,55253,21891,22155,25733,67908,171049,81007,90042,264,1295,1846
MANU027,manufacturing,6,146305,108015,38290,11414,109645,55253,44723,22155,23785,27882,83140,179530,85024,94506,1630,1325,1906
MANU027,manufacturing,7,152419,111753,40666,18305,112854,44723,34594,23785,24886,29021,98532,187033,88577,98456,1101,1331,1904
MANU027,manufacturing,8,155282,114253,41029,11589,114908,34594,48101,24886,25541,30022,86882,190546,90241,100305,655,1340,1933
MANU028,manufacturing,1,65798,41759,24039,10114,43495,8390,8834,11983,13719,11581,43657,77791,32014,45777,1736,1764,1760
MANU028,manufacturing,2,69036,43775,25261,12075,44664,8834,19435,13719,14608,13171,34405,81619,33589,48030,889,1790,1908
MANU028,manufacturing,3,70551,44993,25558,7589,44872,19435,22466,14608,14487,12333,34124,83410,34326,49084,-121,1737,1748
MANU028,manufacturing,4,73014,46187,26827,7777,47285,22466,23469,14487,15585,13982,33286,86322,35525,50797,1098,1805,1915
MANU028,manufacturing,5,76409,48430,27979,14749,48557,23469,12367,15585,15712,13446,48811,90336,37177,53159,127,1739,1760
MANU028,manufacturing,6,79056,50633,28423,15582,51157,12367,26213,15712,16236,13760,37257,93466,38465,55001,524,1737,1741
MANU028,manufacturing,7,82952,53355,29597,11424,54230,26213,9988,16236,17111,15110,55863,98072,40360,57712,875,1745,1822
MANU028,manufacturing,8,87327,55174,32153,11827,56331,9988,12363,17111,18268,15841,56772,103244,42489,60755,1157,1769,1814
MANU029,manufacturing,1,88580,65353,23227,11438,65619,26510,28486,15415,15681,14902,55166,114235,65906,48329,266,1373,1682
MANU029,manufacturing,2,88507,64785,23722,9394,64953,28486,18054,15681,15849,15420,64818,114141,65852,48289,168,1389,1742
MANU029,manufacturing,3,88777,65359,23418,5945,65944,18054,17220,15849,16434,14012,66823,114489,66052,48437,585,1435,1578
MANU029,manufacturing,4,91110,66512,24598,6656,66669,17220,34975,16434,16591,14940,50992,117498,67788,49710,157,1412,1640
MANU029,manufacturing,5,92516,68265,24251,6759,68470,34975,34272,16591,16796,14663,53580,119311,68834,50477,205,1408,1585
MANU029,manufacturing,6,94452,69378,25074,6768,69511,34272,16403,16796,16929,16190,72286,121808,70275,51533,133,1390,1714
MANU029,manufacturing,7,97211,70836,26375,7109,71956,16403,28432,16929,18049,15973,62912,125366,72328,53038,1120,1440,1643
MANU029,manufacturing,8,100619,74072,26547,13364,74269,28432,38187,18049,18246,16177,57151,129761,74863,54898,197,1406,1608
MANU030,manufacturing,1,32449,23072,9377,3502,23300,4977,5679,6183,6411,7840,15669,35599,16800,18799,228,1801,2416
MANU030,manufacturing,2,33409,23959,9450,4310,24089,5679,5665,6411,6541,7679,16768,36653,17297,19356,130,1785,2298
MANU030,manufacturing,3,33823,24084,9739,3997,24221,5665,4236,6541,6678,7532,18661,37107,17511,19596,137,1800,2227
MANU030,manufacturing,4,34193,24171,10022,3495,24388,4236,5115,6678,6895,7791,17712,37513,17703,19810,217,1838,2279
MANU030,manufacturing,5,35453,25317,10136,3110,25403,5115,4671,6895,6981,8206,19037,38895,18355,20540,86,1795,2315
MANU030,manufacturing,6,36089,25512,10577,5098,25773,4671,5912,6981,7242,8502,17937,39593,18684,20909,261,1829,2356
MANU030,manufacturing,7,37514,26463,11051,3951,26812,5912,5796,7242,7591,8891,18878,41156,19422,21734,349,1844,2370
MANU030,manufacturing,8,38737,27720,11017,2767,27847,5796,11219,7591,7718,8655,14906,42498,20055,22443,127,1816,2234
MANU031,manufacturing,1,92023,62210,29813,16227,63707,22081,23600,15857,17354,14715,64571,120240,54990,65250,1497,1443,1599
MANU031,manufacturing,2,94849,63315,31534,11398,64206,23600,25457,17354,18245,14523,65708,123933,56679,67254,891,1472,1531
MANU031,manufacturing,3,95977,64779,31198,9657,65101,25457,33733,18245,18567,15274,57832,125406,57352,68054,322,1481,1591
MANU031,manufacturing,4,98656,67006,31650,15886,67330,33733,18016,18567,18891,15603,76397,128907,58953,69954,324,1465,1582
MANU031,manufacturing,5,100288,67756,32532,15826,67462,18016,18872,18891,18597,15469,78101,131039,59929,71110,-294,1419,1542
MANU031,manufacturing,6,102327,68308,34019,14208,69180,18872,20227,18597,19469,15953,78055,133704,61147,72557,872,1456,1559
MANU031,manufacturing,7,103358,69513,33845,8780,69590,20227,40310,19469,19546,15683,59512,135051,61763,73288,77,1447,1517
MANU031,manufacturing,8,103290,69348,33942,11008,69320,40310,19492,19546,19518,16310,79642,134962,61723,73239,-28,1446,1579
MANU032,manufacturing,1,73908,51833,22075,8734,53190,16204,17298,11787,13144,9662,43254,83358,48308,35050,1357,1577,1307
MANU032,manufacturing,2,77505,53930,23575,8384,54786,17298,10888,13144,14000,10306,52221,87415,50659,36756,856,1602,1330
MANU032,manufacturing,3,80452,55750,24702,10919,56296,10888,13196,14000,14546,11245,51752,90739,52586,38153,546,1603,1398
MANU032,manufacturing,4,81764,56498,25266,13423,56241,13196,29539,14546,14289,10652,37739,92219,53443,38776,-257,1549,1303
MANU032,manufacturing,5,83925,58546,25379,9614,59428,29539,17576,14289,15171,11125,50784,94656,54856,39800,882,1603,1326
MANU032,manufacturing,6,87648,60384,27264,10760,60912,17576,16033,15171,15699,11453,55670,98855,57289,41566,528,1588,1307
MANU032,manufacturing,7,92383,64802,27581,10646,65153,16033,30104,15699,16050,13169,44872,104195,60384,43811,351,1540,1425
MANU032,manufacturing,8,94914,65571,29343,11397,65996,30104,16949,16050,16475,12246,61380,107050,62038,45012,425,1539,1290
MANU033,manufacturing,1,113165,78635,34530,12668,80230,35705,37110,10046,11641,12970,55299,117020,53385,63635,1595,995,1146
MANU033,manufacturing,2,117599,80005,37594,17515,80038,37110,40708,11641,11674,14942,54281,121605,55477,66128,33,960,1271
MANU033,manufacturing,3,123694,84107,39587,19451,84505,40708,34453,11674,12072,15482,65901,127908,58352,69556,398,944,1252
MANU033,manufacturing,4,127930,87040,40890,16620,87530,34453,20743,12072,12562,15254,83729,132288,60350,71938,490,950,1192
MANU033,manufacturing,5,133232,92516,40716,14447,93575,20743,38944,12562,13621,16816,68390,137771,62852,74919,1059,989,1262
MANU033,manufacturing,6,136316,93006,43310,19817,93613,38944,33622,13621,14228,15308,77802,140960,64306,76654,607,1009,1123
MANU033,manufacturing,7,140016,95843,44173,14103,95693,33622,29974,14228,14078,16977,83757,144786,66052,78734,-150,972,1213
MANU033,manufacturing,8,146022,101348,44674,22514,102083,29974,38746,14078,14813,16491,80946,150996,68885,82111,735,981,1129
MANU034,manufacturing,1,144278,103092,41186,12161,103927,52372,50791,18624,19459,23685,72516,166451,84647,81804,835,1169,1642
MANU034,manufacturing,2,152083,108492,43591,23383,109343,50791,47584,19459,20310,25881,81681,175456,89227,86229,851,1158,1702
MANU034,manufacturing,3,158813,112691,46122,22091,114306,47584,37339,20310,21925,27920,96036,183220,93175,90045,1615,1197,1758
MANU034,manufacturing,4,163497,116509,46988,18907,116485,37339,40215,21925,21901,28821,97687,188624,95923,92701,-24,1161,1763
MANU034,manufacturing,5,167360,118888,48472,24758,119702,40215,37003,21901,22715,26778,106585,193081,98190,94891,814,1176,1600
MANU034,manufacturing,6,171289,122868,48421,24905,123454,37003,23985,22715,23301,29370,120957,197613,100495,97118,586,1179,1715
MANU034,manufacturing,7,179001,126973,52028,17628,127577,23985,63433,23301,23905,28911,90262,206511,105020,101491,604,1158,1615
MANU034,manufacturing,8,184490,131578,52912,23682,133029,63433,58355,23905,25356,32260,96872,212843,108240,104603,1451,1191,1749
MANU035,manufacturing,1,32331,23940,8391,3611,24210,10704,12148,7207,7477,4551,19164,43340,25291,18049,270,1725,1408
MANU035,manufacturing,2,32952,24300,8652,2169,24388,12148,9812,7477,7565,4687,22108,44172,25776,18396,88,1713,1422
MANU035,manufacturing,3,33324,24622,8702,3870,24993,9812,6832,7565,7936,4741,25162,44671,26067,18604,371,1777,1423
MANU035,manufacturing,4,33308,24592,8716,3576,24400,6832,6248,7936,7744,5230,25427,44649,26055,18594,-192,1734,1570
MANU035,manufacturing,5,33630,25129,8501,2996,25364,6248,9865,7744,7979,5109,22128,45081,26307,18774,235,1770,1519
MANU035,manufacturing,6,34457,25427,9030,2568,25328,9865,9004,7979,7880,4774,24532,46190,26954,19236,-99,1706,1385
MANU035,manufacturing,7,35334,26440,8894,2515,26766,9004,14436,7880,8206,5191,19532,47365,27639,19726,326,1733,1469
MANU035,manufacturing,8,36437,27118,9319,4718,27412,14436,11315,8206,8500,5260,23769,48844,28502,20342,294,1740,1444
MANU036,manufacturing,1,124728,87455,37273,12620,89939,21261,23500,20669,23153,27536,55559,129748,77476,52272,2484,1784,2208
MANU036,manufacturing,2,130158,90683,39475,15914,91462,23500,30137,23153,23932,28639,52688,135396,80848,54548,779,1768,2200
MANU036,manufacturing,3,133688,93159,40529,16892,94079,30137,34976,23932,24852,28193,51047,139068,83041,56027,920,1787,2109
MANU036,manufacturing,4,136128,94866,41262,15286,95590,34976,28463,24852,25576,30341,57226,141606,84557,57049,724,1806,2229
MANU036,manufacturing,5,141931,99290,42641,20770,99389,28463,25676,25576,25675,29304,66988,147643,88161,59482,99,1739,2065
MANU036,manufacturing,6,145826,102530,43296,22105,104014,25676,34530,25675,27159,31333,58673,151695,90581,61114,1484,1790,2149
MANU036,manufacturing,7,152742,106071,46671,11955,106720,34530,43691,27159,27808,33411,53979,158889,94877,64012,649,1750,2187
MANU036,manufacturing,8,157462,109913,47549,23982,111552,43691,15595,27808,29447,32873,85884,163799,97809,65990,1639,1798,2088
MANU037,manufacturing,1,94162,66055,28107,14976,68530,29131,30185,14831,17306,14191,62229,123911,67958,55953,2475,1397,1507
MANU037,manufacturing,2,98334,70129,28205,8316,70282,30185,27839,17306,17459,16219,67884,129401,70969,58432,153,1349,1649
MANU037,manufacturing,3,103040,72656,30384,16428,73525,27839,28800,17459,18328,16071,72395,135594,74366,61228,869,1352,1560
MANU037,manufacturing,4,105357,75017,30340,10340,75575,28800,16085,18328,18886,17898,85774,138643,76038,62605,558,1362,1699
MANU037,manufacturing,5,108097,77203,30894,14254,77617,16085,17280,18886,19300,18348,87321,142249,78015,64234,414,1357,1697
MANU037,manufacturing,6,110859,79020,31839,12790,79336,17280,40399,19300,19616,17918,67950,145883,80009,65874,316,1345,1616
MANU037,manufacturing,7,115629,82281,33348,10926,84099,40399,45298,19616,21434,18530,66898,152160,83451,68709,1818,1409,1603
MANU037,manufacturing,8,117853,83274,34579,17602,83437,45298,25576,21434,21597,18325,89589,155087,85056,70031,163,1393,1555
MANU038,manufacturing,1,66433,43855,22578,6445,43928,19010,19240,8653,8726,8719,49121,85806,51442,34364,73,1017,1312
MANU038,manufacturing,2,69524,45593,23931,11003,46116,19240,21889,8726,9249,9883,48778,89799,53836,35963,523,1030,1422
MANU038,manufacturing,3,72703,47556,25147,9633,47842,21889,28082,9249,9535,9938,46350,93905,56298,37607,286,1015,1367
MANU038,manufacturing,4,76933,49888,27045,12841,50750,28082,15966,9535,10397,10480,62525,99368,59573,39795,862,1046,1362
MANU038,manufacturing,5,80478,53091,27387,13944,52891,15966,24998,10397,10197,11551,57201,103947,62318,41629,-200,981,1435
MANU038,manufacturing,6,82877,54096,28781,15825,54769,24998,21537,10197,10870,11624,63015,107046,64176,42870,673,1015,1403
MANU038,manufacturing,7,84507,55736,28771,7343,55652,21537,16073,10870,10786,11161,71131,109151,65438,43713,-84,988,1321
MANU038,manufacturing,8,85746,56700,29046,14808,57424,16073,19126,10786,11510,10830,69285,110751,66397,44354,724,1039,1263
MANU039,manufacturing,1,49643,37574,12069,3904,38174,14740,16293,4853,5453,10319,25213,57278,34868,22410,600,952,2079
MANU039,manufacturing,2,51013,38364,12649,5598,38327,16293,13899,5453,5416,10663,28881,58859,35830,23029,-37,920,2090
MANU039,manufacturing,3,51860,38775,13085,6729,39183,13899,14265,5416,5824,9959,29788,59836,36425,23411,408,973,1920
MANU039,manufacturing,4,53606,40455,13151,6420,40376,14265,11994,5824,5745,10982,33130,61851,37652,24199,-79,929,2049
MANU039,manufacturing,5,54311,40505,13806,6054,40623,11994,8292,5745,5863,10732,37777,62664,38147,24517,118,936,1976
MANU039,manufacturing,6,54461,41307,13154,5896,41680,8292,20493,5863,6236,10732,25376,62837,38252,24585,373,992,1971
MANU039,manufacturing,7,55575,41708,13867,5962,41633,20493,20541,6236,6161,11024,26396,64122,39034,25088,-75,961,1984
MANU039,manufacturing,8,57563,43293,14270,4149,43413,20541,19488,6161,6281,12002,28645,66416,40431,25985,120,946,2085
MANU040,manufacturing,1,79395,58332,21063,9582,60015,14958,14546,11320,13003,16709,37274,81532,32895,48637,1683,1595,2105
MANU040,manufacturing,2,79924,58546,21378,9153,58732,14546,20401,13003,13189,17543,30942,82075,33114,48961,186,1607,2195
MANU040,manufacturing,3,80317,58968,21349,8911,59218,20401,15046,13189,13439,17627,36367,82479,33277,49202,250,1629,2195
MANU040,manufacturing,4,81360,60117,21243,8218,60259,15046,12212,13439,13581,17745,40012,83550,33710,49840,142,1625,2181
MANU040,manufacturing,5,82459,60844,21615,6922,60911,12212,18016,13581,13648,17554,35460,84678,34165,50513,67,1612,2129
MANU040,manufacturing,6,85698,63235,22463,6740,63586,18016,17290,13648,13999,18136,38579,88004,35507,52497,351,1591,2116
MANU040,manufacturing,7,89109,65702,23407,8038,66037,17290,19556,13999,14334,19504,38113,91507,36920,54587,335,1566,2189
MANU040,manufacturing,8,92758,67381,25377,11104,68414,19556,16980,14334,15367,20273,42634,95254,38432,56822,1033,1613,2186
